-- =====================================================================
-- Asset GitHub – Testdaten/Seeds (aus aktuellem Dump extrahiert)
-- Generiert: 2026-02-28
-- Hinweis: erwartet, dass Schema v3 bereits installiert ist.
-- =====================================================================

SET SQL_MODE = 'NO_AUTO_VALUE_ON_ZERO';
SET time_zone = '+00:00';
SET FOREIGN_KEY_CHECKS = 0;
START TRANSACTION;

TRUNCATE TABLE `core_menu_item`;
TRUNCATE TABLE `wartungstool_protokoll`;
TRUNCATE TABLE `stoerungstool_aktion`;
TRUNCATE TABLE `wartungstool_wartungspunkt`;
TRUNCATE TABLE `stoerungstool_ticket`;
TRUNCATE TABLE `core_runtime_sample`;
TRUNCATE TABLE `core_runtime_counter`;
TRUNCATE TABLE `core_runtime_agg_day`;
TRUNCATE TABLE `core_permission`;
TRUNCATE TABLE `core_dokument`;
TRUNCATE TABLE `core_asset`;
TRUNCATE TABLE `core_user`;
TRUNCATE TABLE `core_standort`;
TRUNCATE TABLE `core_route`;
TRUNCATE TABLE `core_menu`;
TRUNCATE TABLE `core_audit_log`;
TRUNCATE TABLE `core_asset_kategorie`;

-- ---------------------------------------------------------------------
-- Seeds: core_asset_kategorie
-- ---------------------------------------------------------------------
INSERT INTO `core_asset_kategorie` (`id`, `name`, `beschreibung`, `kritischkeitsstufe`, `aktiv`) VALUES
(1, 'BAZ – Bearbeitungszentrum', 'CNC-Bearbeitungszentren (klein/normal/groß)', 3, 1),
(2, 'Absaugung', 'Absaug- und Filtertechnik (zentral/dezentral)', 2, 1),
(3, 'Klimaanlage', 'Klima, Lüftung, Kälteanlagen', 2, 1),
(4, 'Haustechnik', 'Heizung, Warmwasser, WRG, Gebäudeanlagen', 2, 1),
(5, 'Brikettpresse', 'Brikettpressen / Späneverdichtung', 3, 1),
(6, 'Kompressor', 'Druckluftversorgung inkl. Aufbereitung', 3, 1),
(7, 'VE-Anlage', 'Vollentsalzung / Wasseraufbereitung', 2, 1),
(8, 'KSM-Anlage', 'KSM Befüll- und Messanlagen', 2, 1),
(9, 'Sonstige Produktion', 'Peripherie im Produktionsumfeld', 1, 1);

-- ---------------------------------------------------------------------
-- Seeds: core_audit_log
-- ---------------------------------------------------------------------
INSERT INTO `core_audit_log` (`id`, `modul`, `entity_type`, `entity_id`, `action`, `actor_user_id`, `actor_text`, `ip_addr`, `old_json`, `new_json`, `created_at`) VALUES
(1, 'wartungstool', 'protokoll', 54, 'CREATE', 1, 'Johannes Pletschacher', '::1', NULL, '{\"wartungspunkt_id\":35,\"asset_id\":12,\"status\":\"abweichung\",\"messwert\":100,\"team_text\":\"\",\"bemerkung\":\"\"}', '2026-02-25 19:40:30'),
(2, 'wartungstool', 'wartungspunkt', 35, 'UPDATE', 1, 'Johannes Pletschacher', '::1', '{\"letzte_wartung\":null,\"datum\":\"2026-01-01 06:00:00\",\"updated_at\":null}', '{\"letzte_wartung\":null,\"datum\":\"2026-02-25 20:40:30\",\"updated_at\":\"2026-02-25 20:40:30\"}', '2026-02-25 19:40:30'),
(3, 'stoerungstool', 'ticket', 156, 'CREATE', 1, 'Johannes Pletschacher', '::1', NULL, '{\"asset_id\":12,\"titel\":\"Wartung: BAZ-12 Bearbeitungszentrum 12 (groß) – Dichtheit prüfen\",\"kategorie\":\"Wartung\",\"source_protokoll_id\":54}', '2026-02-25 19:40:30'),
(4, 'stoerungstool', 'ticket', 153, 'STATUS', 1, 'Johannes Pletschacher', '::1', '{\"status\":\"neu\",\"assigned_user_id\":null}', '{\"status\":\"in_arbeit\",\"assigned_user_id\":null}', '2026-02-25 20:06:20'),
(5, 'stoerungstool', 'ticket', 153, 'STATUS', 1, 'Johannes Pletschacher', '::1', '{\"status\":\"in_arbeit\",\"assigned_user_id\":null}', '{\"status\":\"bestellt\",\"assigned_user_id\":null}', '2026-02-25 20:06:20'),
(6, 'stoerungstool', 'ticket', 153, 'STATUS', 1, 'Johannes Pletschacher', '::1', '{\"status\":\"bestellt\",\"assigned_user_id\":null}', '{\"status\":\"in_arbeit\",\"assigned_user_id\":null}', '2026-02-25 20:06:21'),
(7, 'stoerungstool', 'ticket', 152, 'STATUS', 1, 'Johannes Pletschacher', '::1', '{\"status\":\"neu\",\"assigned_user_id\":4}', '{\"status\":\"erledigt\",\"assigned_user_id\":4}', '2026-02-25 20:06:30'),
(8, 'wartungstool', 'wartungspunkt', 113, 'CREATE', 1, 'Johannes Pletschacher', '::1', NULL, '{\"asset_id\":12,\"text_kurz\":\"dfghdfghdfghdfghdfghdfgh\",\"intervall_typ\":\"zeit\",\"plan_interval\":1.2333333333333334e+25,\"messwert_pflicht\":0,\"grenzwert_min\":null,\"grenzwert_max\":null,\"einheit\":null,\"init_now\":0}', '2026-02-25 20:16:45'),
(9, 'stoerungstool', 'ticket', 158, 'STATUS', 1, 'Johannes Pletschacher', '::1', '{\"status\":\"neu\",\"assigned_user_id\":null}', '{\"status\":\"erledigt\",\"assigned_user_id\":null}', '2026-02-25 20:38:12'),
(10, 'stoerungstool', 'ticket', 158, 'STATUS', 1, 'Johannes Pletschacher', '::1', '{\"status\":\"erledigt\",\"assigned_user_id\":null}', '{\"status\":\"geschlossen\",\"assigned_user_id\":null}', '2026-02-25 20:38:13'),
(11, 'stoerungstool', 'ticket', 158, 'UPDATE', 1, 'Johannes Pletschacher', '::1', '{\"assigned_user_id\":null}', '{\"assigned_user_id\":9}', '2026-02-25 20:38:18'),
(12, 'wartungstool', 'protokoll', 55, 'CREATE', 1, 'Johannes Pletschacher', '::1', NULL, '{\"wartungspunkt_id\":28,\"asset_id\":10,\"status\":\"ok\",\"messwert\":null,\"team_text\":\"\",\"bemerkung\":\"\"}', '2026-02-25 21:08:09'),
(13, 'wartungstool', 'wartungspunkt', 28, 'UPDATE', 1, 'Johannes Pletschacher', '::1', '{\"letzte_wartung\":413.7,\"datum\":null,\"updated_at\":null}', '{\"letzte_wartung\":11452.39,\"datum\":null,\"updated_at\":\"2026-02-25 22:08:09\"}', '2026-02-25 21:08:09'),
(14, 'wartungstool', 'protokoll', 56, 'CREATE', 1, 'Johannes Pletschacher', '::1', NULL, '{\"wartungspunkt_id\":53,\"asset_id\":18,\"status\":\"ok\",\"messwert\":0.9,\"team_text\":\"\",\"bemerkung\":\"\"}', '2026-02-25 21:08:42'),
(15, 'wartungstool', 'wartungspunkt', 53, 'UPDATE', 1, 'Johannes Pletschacher', '::1', '{\"letzte_wartung\":276.5,\"datum\":null,\"updated_at\":null}', '{\"letzte_wartung\":10443.49,\"datum\":null,\"updated_at\":\"2026-02-25 22:08:42\"}', '2026-02-25 21:08:42'),
(16, 'wartungstool', 'protokoll', 57, 'CREATE', 1, 'Johannes Pletschacher', '::1', NULL, '{\"wartungspunkt_id\":54,\"asset_id\":18,\"status\":\"ok\",\"messwert\":4,\"team_text\":\"\",\"bemerkung\":\"\"}', '2026-02-25 21:09:02'),
(17, 'wartungstool', 'wartungspunkt', 54, 'UPDATE', 1, 'Johannes Pletschacher', '::1', '{\"letzte_wartung\":1129.4,\"datum\":null,\"updated_at\":null}', '{\"letzte_wartung\":10443.49,\"datum\":null,\"updated_at\":\"2026-02-25 22:09:02\"}', '2026-02-25 21:09:02'),
(18, 'stoerungstool', 'ticket', 159, 'CREATE', 1, 'Johannes Pletschacher', '::1', NULL, '{\"asset_id\":18,\"titel\":\"Wartung: BAZ-18 Bearbeitungszentrum 18 (groß) – Funktionstest Sicherheit\",\"kategorie\":\"Wartung\",\"source_protokoll_id\":57}', '2026-02-25 21:09:02'),
(19, 'stoerungstool', 'ticket', 155, 'STATUS', 1, 'Johannes Pletschacher', '::1', '{\"status\":\"angenommen\",\"assigned_user_id\":null}', '{\"status\":\"bestellt\",\"assigned_user_id\":null}', '2026-02-25 21:19:06'),
(20, 'stoerungstool', 'ticket', 155, 'STATUS', 1, 'Johannes Pletschacher', '::1', '{\"status\":\"bestellt\",\"assigned_user_id\":null}', '{\"status\":\"angenommen\",\"assigned_user_id\":1}', '2026-02-25 21:19:07'),
(21, 'stoerungstool', 'ticket', 155, 'STATUS', 1, 'Johannes Pletschacher', '::1', '{\"status\":\"angenommen\",\"assigned_user_id\":1}', '{\"status\":\"in_arbeit\",\"assigned_user_id\":1}', '2026-02-25 21:19:09'),
(22, 'stoerungstool', 'ticket', 155, 'STATUS', 1, 'Johannes Pletschacher', '::1', '{\"status\":\"in_arbeit\",\"assigned_user_id\":1}', '{\"status\":\"geschlossen\",\"assigned_user_id\":1}', '2026-02-25 21:19:10'),
(23, 'stoerungstool', 'ticket', 155, 'STATUS', 1, 'Johannes Pletschacher', '::1', '{\"status\":\"geschlossen\"}', '{\"status\":\"bestellt\"}', '2026-02-25 21:19:46'),
(24, 'stoerungstool', 'ticket', 155, 'STATUS', 1, 'Johannes Pletschacher', '::1', '{\"status\":\"bestellt\",\"assigned_user_id\":1}', '{\"status\":\"in_arbeit\",\"assigned_user_id\":1}', '2026-02-25 21:23:01'),
(25, 'stoerungstool', 'ticket', 155, 'STATUS', 1, 'Johannes Pletschacher', '::1', '{\"status\":\"in_arbeit\",\"assigned_user_id\":1}', '{\"status\":\"angenommen\",\"assigned_user_id\":1}', '2026-02-25 21:23:02'),
(26, 'stoerungstool', 'ticket', 109, 'STATUS', 1, 'Johannes Pletschacher', '::1', '{\"status\":\"bestellt\",\"assigned_user_id\":4}', '{\"status\":\"in_arbeit\",\"assigned_user_id\":4}', '2026-02-25 21:23:51'),
(27, 'stoerungstool', 'ticket', 109, 'STATUS', 1, 'Johannes Pletschacher', '::1', '{\"status\":\"in_arbeit\",\"assigned_user_id\":4}', '{\"status\":\"erledigt\",\"assigned_user_id\":4}', '2026-02-25 21:23:53'),
(28, 'stoerungstool', 'ticket', 109, 'STATUS', 1, 'Johannes Pletschacher', '::1', '{\"status\":\"erledigt\",\"assigned_user_id\":4}', '{\"status\":\"geschlossen\",\"assigned_user_id\":4}', '2026-02-25 21:23:54'),
(29, 'stoerungstool', 'ticket', 109, 'STATUS', 1, 'Johannes Pletschacher', '::1', '{\"status\":\"geschlossen\",\"assigned_user_id\":4}', '{\"status\":\"bestellt\",\"assigned_user_id\":4}', '2026-02-25 21:23:57'),
(30, 'stoerungstool', 'ticket', 109, 'STATUS', 1, 'Johannes Pletschacher', '::1', '{\"status\":\"bestellt\",\"assigned_user_id\":4}', '{\"status\":\"in_arbeit\",\"assigned_user_id\":4}', '2026-02-25 21:23:58'),
(31, 'stoerungstool', 'ticket', 109, 'STATUS', 1, 'Johannes Pletschacher', '::1', '{\"status\":\"in_arbeit\",\"assigned_user_id\":4}', '{\"status\":\"in_arbeit\",\"assigned_user_id\":4}', '2026-02-25 21:24:05'),
(32, 'stoerungstool', 'ticket', 156, 'STATUS', 1, 'Johannes Pletschacher', '::1', '{\"status\":\"neu\",\"assigned_user_id\":null}', '{\"status\":\"in_arbeit\",\"assigned_user_id\":null}', '2026-02-25 21:32:27'),
(33, 'stoerungstool', 'ticket', 156, 'STATUS', 1, 'Johannes Pletschacher', '::1', '{\"status\":\"in_arbeit\",\"assigned_user_id\":null}', '{\"status\":\"bestellt\",\"assigned_user_id\":null}', '2026-02-25 21:32:29'),
(34, 'stoerungstool', 'ticket', 156, 'STATUS', 1, 'Johannes Pletschacher', '::1', '{\"status\":\"bestellt\",\"assigned_user_id\":null}', '{\"status\":\"geschlossen\",\"assigned_user_id\":null}', '2026-02-25 21:32:30'),
(35, 'stoerungstool', 'ticket', 156, 'STATUS', 1, 'Johannes Pletschacher', '::1', '{\"status\":\"geschlossen\",\"assigned_user_id\":null}', '{\"status\":\"erledigt\",\"assigned_user_id\":null}', '2026-02-25 21:32:30'),
(36, 'stoerungstool', 'ticket', 156, 'STATUS', 1, 'Johannes Pletschacher', '::1', '{\"status\":\"erledigt\",\"assigned_user_id\":null}', '{\"status\":\"angenommen\",\"assigned_user_id\":1}', '2026-02-25 21:32:32'),
(37, 'stoerungstool', 'ticket', 159, 'STATUS', 1, 'Johannes Pletschacher', '::1', '{\"status\":\"neu\",\"assigned_user_id\":null}', '{\"status\":\"in_arbeit\",\"assigned_user_id\":null}', '2026-02-25 22:34:00'),
(38, 'stoerungstool', 'ticket', 159, 'STATUS', 1, 'Johannes Pletschacher', '::1', '{\"status\":\"in_arbeit\",\"assigned_user_id\":null}', '{\"status\":\"erledigt\",\"assigned_user_id\":null}', '2026-02-25 22:34:02'),
(39, 'stoerungstool', 'ticket', 159, 'STATUS', 1, 'Johannes Pletschacher', '::1', '{\"status\":\"erledigt\",\"assigned_user_id\":null}', '{\"status\":\"bestellt\",\"assigned_user_id\":null}', '2026-02-25 22:34:04'),
(40, 'stoerungstool', 'ticket', 159, 'STATUS', 1, 'Johannes Pletschacher', '::1', '{\"status\":\"bestellt\",\"assigned_user_id\":null}', '{\"status\":\"in_arbeit\",\"assigned_user_id\":null}', '2026-02-25 22:34:06'),
(41, 'stoerungstool', 'ticket', 159, 'STATUS', 1, 'Johannes Pletschacher', '::1', '{\"status\":\"in_arbeit\",\"assigned_user_id\":null}', '{\"status\":\"angenommen\",\"assigned_user_id\":1}', '2026-02-25 22:34:07'),
(42, 'stoerungstool', 'ticket', 159, 'STATUS', 1, 'Johannes Pletschacher', '::1', '{\"status\":\"angenommen\",\"assigned_user_id\":1}', '{\"status\":\"geschlossen\",\"assigned_user_id\":1}', '2026-02-25 22:34:08'),
(43, 'stoerungstool', 'ticket', 159, 'STATUS', 1, 'Johannes Pletschacher', '::1', '{\"status\":\"geschlossen\",\"assigned_user_id\":1}', '{\"status\":\"erledigt\",\"assigned_user_id\":1}', '2026-02-25 22:34:10'),
(44, 'wartungstool', 'protokoll', 58, 'CREATE', 1, 'Johannes Pletschacher', '192.168.0.135', NULL, '{\"wartungspunkt_id\":36,\"asset_id\":12,\"status\":\"ok\",\"messwert\":55,\"team_text\":\"\",\"bemerkung\":\"\"}', '2026-02-27 13:23:35'),
(45, 'wartungstool', 'wartungspunkt', 36, 'UPDATE', 1, 'Johannes Pletschacher', '192.168.0.135', '{\"letzte_wartung\":null,\"datum\":\"2026-02-21 06:00:00\",\"updated_at\":null}', '{\"letzte_wartung\":null,\"datum\":\"2026-02-27 14:23:35\",\"updated_at\":\"2026-02-27 14:23:35\"}', '2026-02-27 13:23:35'),
(46, 'wartungstool', 'protokoll', 59, 'CREATE', 1, 'Johannes Pletschacher', '192.168.0.135', NULL, '{\"wartungspunkt_id\":38,\"asset_id\":13,\"status\":\"ok\",\"messwert\":null,\"team_text\":\"\",\"bemerkung\":\"\"}', '2026-02-27 13:39:01'),
(47, 'wartungstool', 'wartungspunkt', 38, 'UPDATE', 1, 'Johannes Pletschacher', '192.168.0.135', '{\"letzte_wartung\":3343.2,\"datum\":null,\"updated_at\":null}', '{\"letzte_wartung\":8986.15,\"datum\":null,\"updated_at\":\"2026-02-27 14:39:01\"}', '2026-02-27 13:39:01'),
(48, 'wartungstool', 'protokoll', 60, 'CREATE', 1, 'Johannes Pletschacher', '192.168.0.135', NULL, '{\"wartungspunkt_id\":52,\"asset_id\":18,\"status\":\"ok\",\"messwert\":null,\"team_text\":\"\",\"bemerkung\":\"\"}', '2026-02-27 14:40:49'),
(49, 'wartungstool', 'wartungspunkt', 52, 'UPDATE', 1, 'Johannes Pletschacher', '192.168.0.135', '{\"letzte_wartung\":2803.2,\"datum\":null,\"updated_at\":null}', '{\"letzte_wartung\":10443.49,\"datum\":null,\"updated_at\":\"2026-02-27 15:40:49\"}', '2026-02-27 14:40:49'),
(50, 'wartungstool', 'protokoll', 61, 'CREATE', 1, 'Johannes Pletschacher', '192.168.0.135', NULL, '{\"wartungspunkt_id\":57,\"asset_id\":19,\"status\":\"ok\",\"messwert\":null,\"team_text\":\"\",\"bemerkung\":\"\"}', '2026-02-27 14:41:29'),
(51, 'wartungstool', 'wartungspunkt', 57, 'UPDATE', 1, 'Johannes Pletschacher', '192.168.0.135', '{\"letzte_wartung\":4031,\"datum\":null,\"updated_at\":null}', '{\"letzte_wartung\":11627.1,\"datum\":null,\"updated_at\":\"2026-02-27 15:41:29\"}', '2026-02-27 14:41:29'),
(52, 'wartungstool', 'protokoll', 62, 'CREATE', 1, 'Johannes Pletschacher', '192.168.0.135', NULL, '{\"wartungspunkt_id\":42,\"asset_id\":14,\"status\":\"ok\",\"messwert\":76,\"team_text\":\"\",\"bemerkung\":\"\"}', '2026-02-27 14:56:29'),
(53, 'wartungstool', 'wartungspunkt', 42, 'UPDATE', 1, 'Johannes Pletschacher', '192.168.0.135', '{\"letzte_wartung\":2960,\"datum\":null,\"updated_at\":null}', '{\"letzte_wartung\":9778.88,\"datum\":null,\"updated_at\":\"2026-02-27 15:56:29\"}', '2026-02-27 14:56:29'),
(54, 'wartungstool', 'protokoll', 63, 'CREATE', 1, 'Johannes Pletschacher', '192.168.0.135', NULL, '{\"wartungspunkt_id\":46,\"asset_id\":16,\"status\":\"ok\",\"messwert\":null,\"team_text\":\"\",\"bemerkung\":\"\"}', '2026-02-27 15:31:54'),
(55, 'wartungstool', 'wartungspunkt', 46, 'UPDATE', 1, 'Johannes Pletschacher', '192.168.0.135', '{\"letzte_wartung\":1910.7,\"datum\":null,\"updated_at\":\"2026-02-27 16:16:42\"}', '{\"letzte_wartung\":8106.16,\"datum\":null,\"updated_at\":\"2026-02-27 16:31:54\"}', '2026-02-27 15:31:54'),
(56, 'wartungstool', 'protokoll', 64, 'CREATE', 1, 'Johannes Pletschacher', '192.168.0.135', NULL, '{\"wartungspunkt_id\":80,\"asset_id\":39,\"status\":\"ok\",\"messwert\":null,\"team_text\":\"\",\"bemerkung\":\"\"}', '2026-02-27 15:31:58'),
(57, 'wartungstool', 'wartungspunkt', 80, 'UPDATE', 1, 'Johannes Pletschacher', '192.168.0.135', '{\"letzte_wartung\":4735.7,\"datum\":null,\"updated_at\":\"2026-02-27 16:16:42\"}', '{\"letzte_wartung\":10623.44,\"datum\":null,\"updated_at\":\"2026-02-27 16:31:58\"}', '2026-02-27 15:31:58'),
(58, 'wartungstool', 'wartungspunkt', 34, 'UPDATE', 1, 'Johannes Pletschacher', '192.168.0.135', '{\"text_kurz\":\"Schmierung prüfen\",\"text_lang\":\"Schmierung prüfen an Bearbeitungszentrum 12 (groß) (BAZ-12).\",\"intervall_typ\":\"zeit\",\"plan_interval\":7,\"letzte_wartung\":null,\"datum\":\"2026-01-03 12:00:00\",\"messwert_pflicht\":0,\"grenzwert_min\":null,\"grenzwert_max\":null,\"einheit\":null,\"aktiv\":1}', '{\"text_kurz\":\"Schmierung prüfen\",\"text_lang\":\"Schmierung prüfen an Bearbeitungszentrum 12 (groß) (BAZ-12).\\r\\nZ-Achse!\",\"intervall_typ\":\"zeit\",\"plan_interval\":7,\"letzte_wartung\":null,\"datum\":\"2026-01-03 12:00:00\",\"messwert_pflicht\":1,\"grenzwert_min\":25,\"grenzwert_max\":35,\"einheit\":\"Bar\",\"aktiv\":1,\"init_now\":0}', '2026-02-27 15:33:33'),
(59, 'wartungstool', 'wartungspunkt', 34, 'UPDATE', 1, 'Johannes Pletschacher', '192.168.0.135', '{\"text_kurz\":\"Schmierung prüfen\",\"text_lang\":\"Schmierung prüfen an Bearbeitungszentrum 12 (groß) (BAZ-12).\\r\\nZ-Achse!\",\"intervall_typ\":\"zeit\",\"plan_interval\":7,\"soon_ratio\":\"0.1000\",\"soon_hours\":null,\"letzte_wartung\":null,\"datum\":\"2026-01-03 12:00:00\",\"messwert_pflicht\":1,\"grenzwert_min\":25,\"grenzwert_max\":35,\"einheit\":\"Bar\",\"aktiv\":1}', '{\"text_kurz\":\"Schmierung prüfen\",\"text_lang\":\"Schmierung prüfen an Bearbeitungszentrum 12 (groß) (BAZ-12).\\r\\nZ-Achse!\",\"intervall_typ\":\"zeit\",\"plan_interval\":7,\"soon_ratio\":null,\"soon_hours\":\"5.00\",\"letzte_wartung\":null,\"datum\":\"2026-01-03 12:00:00\",\"messwert_pflicht\":1,\"grenzwert_min\":25,\"grenzwert_max\":35,\"einheit\":\"Bar\",\"aktiv\":1,\"init_now\":0}', '2026-02-27 17:06:57'),
(60, 'wartungstool', 'wartungspunkt', 34, 'UPDATE', 1, 'Johannes Pletschacher', '192.168.0.135', '{\"text_kurz\":\"Schmierung prüfen\",\"text_lang\":\"Schmierung prüfen an Bearbeitungszentrum 12 (groß) (BAZ-12).\\r\\nZ-Achse!\",\"intervall_typ\":\"zeit\",\"plan_interval\":7,\"soon_ratio\":null,\"soon_hours\":\"5.00\",\"letzte_wartung\":null,\"datum\":\"2026-01-03 12:00:00\",\"messwert_pflicht\":1,\"grenzwert_min\":25,\"grenzwert_max\":35,\"einheit\":\"Bar\",\"aktiv\":1}', '{\"text_kurz\":\"Schmierung prüfen\",\"text_lang\":\"Schmierung prüfen an Bearbeitungszentrum 12 (groß) (BAZ-12).\\r\\nZ-Achse!\",\"intervall_typ\":\"zeit\",\"plan_interval\":7,\"soon_ratio\":null,\"soon_hours\":\"5.00\",\"letzte_wartung\":null,\"datum\":\"2026-01-03 12:00:00\",\"messwert_pflicht\":1,\"grenzwert_min\":25,\"grenzwert_max\":35,\"einheit\":\"Bar\",\"aktiv\":1,\"init_now\":0}', '2026-02-27 17:07:05'),
(61, 'wartungstool', 'wartungspunkt', 34, 'UPDATE', 1, 'Johannes Pletschacher', '192.168.0.135', '{\"text_kurz\":\"Schmierung prüfen\",\"text_lang\":\"Schmierung prüfen an Bearbeitungszentrum 12 (groß) (BAZ-12).\\r\\nZ-Achse!\",\"intervall_typ\":\"zeit\",\"plan_interval\":7,\"soon_ratio\":null,\"soon_hours\":\"5.00\",\"letzte_wartung\":null,\"datum\":\"2026-01-03 12:00:00\",\"messwert_pflicht\":1,\"grenzwert_min\":25,\"grenzwert_max\":35,\"einheit\":\"Bar\",\"aktiv\":1}', '{\"text_kurz\":\"Schmierung prüfen\",\"text_lang\":\"Schmierung prüfen an Bearbeitungszentrum 12 (groß) (BAZ-12).\\r\\nZ-Achse!\",\"intervall_typ\":\"zeit\",\"plan_interval\":7,\"soon_ratio\":null,\"soon_hours\":\"7.00\",\"letzte_wartung\":null,\"datum\":\"2026-01-03 12:00:00\",\"messwert_pflicht\":1,\"grenzwert_min\":25,\"grenzwert_max\":35,\"einheit\":\"Bar\",\"aktiv\":1,\"init_now\":0}', '2026-02-27 17:07:37'),
(62, 'wartungstool', 'protokoll', 65, 'CREATE', 1, 'Johannes Pletschacher', '192.168.0.135', NULL, '{\"wartungspunkt_id\":34,\"asset_id\":12,\"status\":\"abweichung\",\"messwert\":25,\"team_text\":\"Holger und da ander\",\"bemerkung\":\"\"}', '2026-02-28 10:00:02'),
(63, 'wartungstool', 'wartungspunkt', 34, 'UPDATE', 1, 'Johannes Pletschacher', '192.168.0.135', '{\"letzte_wartung\":null,\"datum\":\"2026-01-03 12:00:00\",\"updated_at\":\"2026-02-27 18:07:37\"}', '{\"letzte_wartung\":null,\"datum\":\"2026-02-28 11:00:02\",\"updated_at\":\"2026-02-28 11:00:02\"}', '2026-02-28 10:00:02'),
(64, 'stoerungstool', 'ticket', 160, 'CREATE', 1, 'Johannes Pletschacher', '192.168.0.135', NULL, '{\"asset_id\":12,\"titel\":\"Wartung: BAZ-12 Bearbeitungszentrum 12 (groß) – Schmierung prüfen\",\"kategorie\":\"Wartung\",\"source_protokoll_id\":65}', '2026-02-28 10:00:02'),
(65, 'wartungstool', 'wartungspunkt', 34, 'UPDATE', 1, 'Johannes Pletschacher', '192.168.0.135', '{\"text_kurz\":\"Schmierung prüfen\",\"text_lang\":\"Schmierung prüfen an Bearbeitungszentrum 12 (groß) (BAZ-12).\\r\\nZ-Achse!\",\"intervall_typ\":\"zeit\",\"plan_interval\":7,\"soon_ratio\":null,\"soon_hours\":\"7.00\",\"letzte_wartung\":null,\"datum\":\"2026-02-28 11:00:02\",\"messwert_pflicht\":1,\"grenzwert_min\":25,\"grenzwert_max\":35,\"einheit\":\"Bar\",\"aktiv\":1}', '{\"text_kurz\":\"Schmierung prüfen\",\"text_lang\":\"Schmierung prüfen an Bearbeitungszentrum 12 (groß) (BAZ-12).\\r\\nZ-Achse!\",\"intervall_typ\":\"zeit\",\"plan_interval\":7,\"soon_ratio\":null,\"soon_hours\":\"7.00\",\"letzte_wartung\":null,\"datum\":\"2026-02-28 11:00:02\",\"messwert_pflicht\":1,\"grenzwert_min\":25,\"grenzwert_max\":35,\"einheit\":\"Bar\",\"aktiv\":1,\"init_now\":0}', '2026-02-28 10:02:12'),
(66, 'wartungstool', 'wartungspunkt', 34, 'UPDATE', 1, 'Johannes Pletschacher', '192.168.0.135', '{\"text_kurz\":\"Schmierung prüfen\",\"text_lang\":\"Schmierung prüfen an Bearbeitungszentrum 12 (groß) (BAZ-12).\\r\\nZ-Achse!\",\"intervall_typ\":\"zeit\",\"plan_interval\":7,\"soon_ratio\":null,\"soon_hours\":\"7.00\",\"letzte_wartung\":null,\"datum\":\"2026-02-28 11:00:02\",\"messwert_pflicht\":1,\"grenzwert_min\":25,\"grenzwert_max\":35,\"einheit\":\"Bar\",\"aktiv\":1}', '{\"text_kurz\":\"Schmierung prüfen\",\"text_lang\":\"Schmierung prüfen an Bearbeitungszentrum 12 (groß) (BAZ-12).\\r\\nZ-Achse!\",\"intervall_typ\":\"zeit\",\"plan_interval\":24,\"soon_ratio\":null,\"soon_hours\":\"7.00\",\"letzte_wartung\":null,\"datum\":\"2026-02-28 11:00:02\",\"messwert_pflicht\":1,\"grenzwert_min\":25,\"grenzwert_max\":35,\"einheit\":\"Bar\",\"aktiv\":1,\"init_now\":0}', '2026-02-28 10:02:26'),
(67, 'wartungstool', 'wartungspunkt', 34, 'UPDATE', 1, 'Johannes Pletschacher', '192.168.0.135', '{\"text_kurz\":\"Schmierung prüfen\",\"text_lang\":\"Schmierung prüfen an Bearbeitungszentrum 12 (groß) (BAZ-12).\\r\\nZ-Achse!\",\"intervall_typ\":\"zeit\",\"plan_interval\":24,\"soon_ratio\":null,\"soon_hours\":\"7.00\",\"letzte_wartung\":null,\"datum\":\"2026-02-28 11:00:02\",\"messwert_pflicht\":1,\"grenzwert_min\":25,\"grenzwert_max\":35,\"einheit\":\"Bar\",\"aktiv\":1}', '{\"text_kurz\":\"Schmierung prüfen\",\"text_lang\":\"Schmierung prüfen an Bearbeitungszentrum 12 (groß) (BAZ-12).\\r\\nZ-Achse!\",\"intervall_typ\":\"zeit\",\"plan_interval\":24,\"soon_ratio\":null,\"soon_hours\":\"7.00\",\"letzte_wartung\":null,\"datum\":\"2026-02-28 11:00:02\",\"messwert_pflicht\":1,\"grenzwert_min\":25,\"grenzwert_max\":35,\"einheit\":\"Bar\",\"aktiv\":1,\"init_now\":0}', '2026-02-28 10:02:42'),
(68, 'wartungstool', 'protokoll', 66, 'CREATE', 1, 'Johannes Pletschacher', '192.168.0.135', NULL, '{\"wartungspunkt_id\":43,\"asset_id\":15,\"status\":\"ok\",\"messwert\":null,\"team_text\":\"Holger und da ander\",\"bemerkung\":\"sdsadf\"}', '2026-02-28 10:10:47'),
(69, 'wartungstool', 'wartungspunkt', 43, 'UPDATE', 1, 'Johannes Pletschacher', '192.168.0.135', '{\"letzte_wartung\":1401.5,\"datum\":null,\"updated_at\":\"2026-02-27 16:16:42\"}', '{\"letzte_wartung\":7120.29,\"datum\":null,\"updated_at\":\"2026-02-28 11:10:47\"}', '2026-02-28 10:10:47'),
(70, 'wartungstool', 'protokoll', 67, 'CREATE', 1, 'Johannes Pletschacher', '192.168.0.135', NULL, '{\"wartungspunkt_id\":35,\"asset_id\":12,\"status\":\"ok\",\"messwert\":-10,\"team_text\":\"Holger und da ander\",\"bemerkung\":\"\"}', '2026-02-28 10:36:50'),
(71, 'wartungstool', 'wartungspunkt', 35, 'UPDATE', 1, 'Johannes Pletschacher', '192.168.0.135', '{\"letzte_wartung\":null,\"datum\":\"2026-02-25 20:40:30\",\"updated_at\":\"2026-02-27 16:16:42\"}', '{\"letzte_wartung\":null,\"datum\":\"2026-02-28 11:36:50\",\"updated_at\":\"2026-02-28 11:36:50\"}', '2026-02-28 10:36:50'),
(72, 'stoerungstool', 'ticket', 160, 'STATUS', 1, 'Johannes Pletschacher', '192.168.0.135', '{\"status\":\"neu\",\"assigned_user_id\":null}', '{\"status\":\"bestellt\",\"assigned_user_id\":null}', '2026-02-28 14:32:57'),
(73, 'stoerungstool', 'ticket', 160, 'STATUS', 1, 'Johannes Pletschacher', '192.168.0.135', '{\"status\":\"bestellt\",\"assigned_user_id\":null}', '{\"status\":\"in_arbeit\",\"assigned_user_id\":null}', '2026-02-28 14:32:58'),
(74, 'stoerungstool', 'ticket', 160, 'STATUS', 1, 'Johannes Pletschacher', '192.168.0.135', '{\"status\":\"in_arbeit\",\"assigned_user_id\":null}', '{\"status\":\"angenommen\",\"assigned_user_id\":1}', '2026-02-28 14:32:59'),
(75, 'stoerungstool', 'ticket', 160, 'STATUS', 1, 'Johannes Pletschacher', '192.168.0.135', '{\"status\":\"angenommen\",\"assigned_user_id\":1}', '{\"status\":\"erledigt\",\"assigned_user_id\":1}', '2026-02-28 14:33:01'),
(76, 'wartungstool', 'protokoll', 68, 'CREATE', 1, 'Johannes Pletschacher', '192.168.0.135', NULL, '{\"wartungspunkt_id\":45,\"asset_id\":15,\"status\":\"ok\",\"messwert\":null,\"team_text\":\"Holger und da ander\",\"bemerkung\":\"\"}', '2026-02-28 15:15:45'),
(77, 'wartungstool', 'wartungspunkt', 45, 'UPDATE', 1, 'Johannes Pletschacher', '192.168.0.135', '{\"letzte_wartung\":1144.5,\"datum\":null,\"updated_at\":\"2026-02-27 16:16:42\"}', '{\"letzte_wartung\":7120.29,\"datum\":null,\"updated_at\":\"2026-02-28 16:15:45\"}', '2026-02-28 15:15:45'),
(78, 'wartungstool', 'protokoll', 69, 'CREATE', 1, 'Johannes Pletschacher', '192.168.0.135', NULL, '{\"wartungspunkt_id\":39,\"asset_id\":13,\"status\":\"ok\",\"messwert\":65,\"team_text\":\"Holger und da ander\",\"bemerkung\":\"\"}', '2026-02-28 15:16:02'),
(79, 'wartungstool', 'wartungspunkt', 39, 'UPDATE', 1, 'Johannes Pletschacher', '192.168.0.135', '{\"letzte_wartung\":3765.1,\"datum\":null,\"updated_at\":\"2026-02-27 16:16:42\"}', '{\"letzte_wartung\":8986.15,\"datum\":null,\"updated_at\":\"2026-02-28 16:16:02\"}', '2026-02-28 15:16:02'),
(80, 'wartungstool', 'protokoll', 70, 'CREATE', 1, 'Johannes Pletschacher', '192.168.0.135', NULL, '{\"wartungspunkt_id\":84,\"asset_id\":41,\"status\":\"ok\",\"messwert\":null,\"team_text\":\"Holger und da ander\",\"bemerkung\":\"\"}', '2026-02-28 15:16:20'),
(81, 'wartungstool', 'wartungspunkt', 84, 'UPDATE', 1, 'Johannes Pletschacher', '192.168.0.135', '{\"letzte_wartung\":3000.3,\"datum\":null,\"updated_at\":\"2026-02-27 16:16:42\"}', '{\"letzte_wartung\":8152.83,\"datum\":null,\"updated_at\":\"2026-02-28 16:16:20\"}', '2026-02-28 15:16:20'),
(82, 'wartungstool', 'protokoll', 71, 'CREATE', 1, 'Johannes Pletschacher', '192.168.0.135', NULL, '{\"wartungspunkt_id\":84,\"asset_id\":41,\"status\":\"ok\",\"messwert\":null,\"team_text\":\"Holger und da ander\",\"bemerkung\":\"\"}', '2026-02-28 15:16:24'),
(83, 'wartungstool', 'wartungspunkt', 84, 'UPDATE', 1, 'Johannes Pletschacher', '192.168.0.135', '{\"letzte_wartung\":8152.83,\"datum\":null,\"updated_at\":\"2026-02-28 16:16:20\"}', '{\"letzte_wartung\":8152.83,\"datum\":null,\"updated_at\":\"2026-02-28 16:16:24\"}', '2026-02-28 15:16:24'),
(84, 'wartungstool', 'protokoll', 72, 'CREATE', 1, 'Johannes Pletschacher', '192.168.0.135', NULL, '{\"wartungspunkt_id\":26,\"asset_id\":9,\"status\":\"abweichung\",\"messwert\":null,\"team_text\":\"Holger und da ander\",\"bemerkung\":\"baz9 notaus\"}', '2026-02-28 15:18:06'),
(85, 'wartungstool', 'wartungspunkt', 26, 'UPDATE', 1, 'Johannes Pletschacher', '192.168.0.135', '{\"letzte_wartung\":3800.8,\"datum\":null,\"updated_at\":\"2026-02-27 16:16:42\"}', '{\"letzte_wartung\":8048.27,\"datum\":null,\"updated_at\":\"2026-02-28 16:18:06\"}', '2026-02-28 15:18:06'),
(86, 'stoerungstool', 'ticket', 161, 'CREATE', 1, 'Johannes Pletschacher', '192.168.0.135', NULL, '{\"asset_id\":9,\"titel\":\"Wartung: BAZ-09 Bearbeitungszentrum 09 (normal) – Funktionstest Sicherheit\",\"kategorie\":\"Wartung\",\"source_protokoll_id\":72}', '2026-02-28 15:18:06'),
(87, 'wartungstool', 'protokoll', 73, 'CREATE', 1, 'Johannes Pletschacher', '192.168.0.135', NULL, '{\"wartungspunkt_id\":25,\"asset_id\":9,\"status\":\"ok\",\"messwert\":null,\"team_text\":\"Holger und da ander\",\"bemerkung\":\"\"}', '2026-02-28 15:44:36'),
(88, 'wartungstool', 'wartungspunkt', 25, 'UPDATE', 1, 'Johannes Pletschacher', '192.168.0.135', '{\"letzte_wartung\":null,\"datum\":\"2026-01-30 08:00:00\",\"updated_at\":\"2026-02-27 16:16:42\"}', '{\"letzte_wartung\":null,\"datum\":\"2026-02-28 16:44:36\",\"updated_at\":\"2026-02-28 16:44:36\"}', '2026-02-28 15:44:36'),
(89, 'admin', 'permission', 17, 'DELETE', 1, 'admin', '192.168.0.135', '{\"id\":17,\"user_id\":1,\"modul\":\"*\",\"objekt_typ\":\"*\",\"objekt_id\":null,\"darf_sehen\":1,\"darf_aendern\":1,\"darf_loeschen\":1,\"created_at\":\"2026-02-25 05:51:45\"}', NULL, '2026-02-28 17:31:24'),
(90, 'admin', 'permission', 18, 'UPDATE', 1, 'admin', '192.168.0.135', '{\"id\":18,\"user_id\":1,\"modul\":\"wartungstool\",\"objekt_typ\":\"global\",\"objekt_id\":null,\"darf_sehen\":1,\"darf_aendern\":1,\"darf_loeschen\":1,\"created_at\":\"2026-02-25 05:42:45\"}', '{\"id\":18,\"user_id\":1,\"modul\":\"wartungstool\",\"objekt_typ\":\"global\",\"objekt_id\":null,\"darf_sehen\":1,\"darf_aendern\":1,\"darf_loeschen\":1,\"created_at\":\"2026-02-25 05:42:45\"}', '2026-02-28 17:37:30'),
(91, 'admin', 'permission', 18, 'UPDATE', 1, 'admin', '192.168.0.135', '{\"id\":18,\"user_id\":1,\"modul\":\"wartungstool\",\"objekt_typ\":\"global\",\"objekt_id\":null,\"darf_sehen\":1,\"darf_aendern\":1,\"darf_loeschen\":1,\"created_at\":\"2026-02-25 05:42:45\"}', '{\"id\":18,\"user_id\":1,\"modul\":\"wartungstool\",\"objekt_typ\":\"global\",\"objekt_id\":null,\"darf_sehen\":1,\"darf_aendern\":1,\"darf_loeschen\":1,\"created_at\":\"2026-02-25 05:42:45\"}', '2026-02-28 17:37:30'),
(92, 'admin', 'permission', 18, 'UPDATE', 1, 'admin', '192.168.0.135', '{\"id\":18,\"user_id\":1,\"modul\":\"wartungstool\",\"objekt_typ\":\"global\",\"objekt_id\":null,\"darf_sehen\":1,\"darf_aendern\":1,\"darf_loeschen\":1,\"created_at\":\"2026-02-25 05:42:45\"}', '{\"id\":18,\"user_id\":1,\"modul\":\"wartungstool\",\"objekt_typ\":\"global\",\"objekt_id\":null,\"darf_sehen\":1,\"darf_aendern\":1,\"darf_loeschen\":1,\"created_at\":\"2026-02-25 05:42:45\"}', '2026-02-28 17:37:30'),
(93, 'admin', 'permission', 18, 'UPDATE', 1, 'admin', '192.168.0.135', '{\"id\":18,\"user_id\":1,\"modul\":\"wartungstool\",\"objekt_typ\":\"global\",\"objekt_id\":null,\"darf_sehen\":1,\"darf_aendern\":1,\"darf_loeschen\":1,\"created_at\":\"2026-02-25 05:42:45\"}', '{\"id\":18,\"user_id\":1,\"modul\":\"wartungstool\",\"objekt_typ\":\"global\",\"objekt_id\":null,\"darf_sehen\":1,\"darf_aendern\":1,\"darf_loeschen\":1,\"created_at\":\"2026-02-25 05:42:45\"}', '2026-02-28 17:37:30'),
(94, 'admin', 'permission', 18, 'UPDATE', 1, 'admin', '192.168.0.135', '{\"id\":18,\"user_id\":1,\"modul\":\"wartungstool\",\"objekt_typ\":\"global\",\"objekt_id\":null,\"darf_sehen\":1,\"darf_aendern\":1,\"darf_loeschen\":1,\"created_at\":\"2026-02-25 05:42:45\"}', '{\"id\":18,\"user_id\":1,\"modul\":\"wartungstool\",\"objekt_typ\":\"global\",\"objekt_id\":null,\"darf_sehen\":1,\"darf_aendern\":1,\"darf_loeschen\":1,\"created_at\":\"2026-02-25 05:42:45\"}', '2026-02-28 17:37:30'),
(95, 'admin', 'permission', 18, 'UPDATE', 1, 'admin', '192.168.0.135', '{\"id\":18,\"user_id\":1,\"modul\":\"wartungstool\",\"objekt_typ\":\"global\",\"objekt_id\":null,\"darf_sehen\":1,\"darf_aendern\":1,\"darf_loeschen\":1,\"created_at\":\"2026-02-25 05:42:45\"}', '{\"id\":18,\"user_id\":1,\"modul\":\"wartungstool\",\"objekt_typ\":\"global\",\"objekt_id\":null,\"darf_sehen\":1,\"darf_aendern\":1,\"darf_loeschen\":1,\"created_at\":\"2026-02-25 05:42:45\"}', '2026-02-28 17:37:34'),
(96, 'admin', 'permission', 18, 'UPDATE', 1, 'admin', '192.168.0.135', '{\"id\":18,\"user_id\":1,\"modul\":\"wartungstool\",\"objekt_typ\":\"global\",\"objekt_id\":null,\"darf_sehen\":1,\"darf_aendern\":1,\"darf_loeschen\":1,\"created_at\":\"2026-02-25 05:42:45\"}', '{\"id\":18,\"user_id\":1,\"modul\":\"wartungstool\",\"objekt_typ\":\"global\",\"objekt_id\":null,\"darf_sehen\":1,\"darf_aendern\":1,\"darf_loeschen\":1,\"created_at\":\"2026-02-25 05:42:45\"}', '2026-02-28 17:37:34'),
(97, 'admin', 'permission', 18, 'UPDATE', 1, 'admin', '192.168.0.135', '{\"id\":18,\"user_id\":1,\"modul\":\"wartungstool\",\"objekt_typ\":\"global\",\"objekt_id\":null,\"darf_sehen\":1,\"darf_aendern\":1,\"darf_loeschen\":1,\"created_at\":\"2026-02-25 05:42:45\"}', '{\"id\":18,\"user_id\":1,\"modul\":\"wartungstool\",\"objekt_typ\":\"global\",\"objekt_id\":null,\"darf_sehen\":1,\"darf_aendern\":1,\"darf_loeschen\":1,\"created_at\":\"2026-02-25 05:42:45\"}', '2026-02-28 17:37:34'),
(98, 'admin', 'permission', 18, 'UPDATE', 1, 'admin', '192.168.0.135', '{\"id\":18,\"user_id\":1,\"modul\":\"wartungstool\",\"objekt_typ\":\"global\",\"objekt_id\":null,\"darf_sehen\":1,\"darf_aendern\":1,\"darf_loeschen\":1,\"created_at\":\"2026-02-25 05:42:45\"}', '{\"id\":18,\"user_id\":1,\"modul\":\"wartungstool\",\"objekt_typ\":\"global\",\"objekt_id\":null,\"darf_sehen\":1,\"darf_aendern\":1,\"darf_loeschen\":1,\"created_at\":\"2026-02-25 05:42:45\"}', '2026-02-28 17:37:34'),
(99, 'admin', 'permission', 18, 'UPDATE', 1, 'admin', '192.168.0.135', '{\"id\":18,\"user_id\":1,\"modul\":\"wartungstool\",\"objekt_typ\":\"global\",\"objekt_id\":null,\"darf_sehen\":1,\"darf_aendern\":1,\"darf_loeschen\":1,\"created_at\":\"2026-02-25 05:42:45\"}', '{\"id\":18,\"user_id\":1,\"modul\":\"wartungstool\",\"objekt_typ\":\"global\",\"objekt_id\":null,\"darf_sehen\":1,\"darf_aendern\":1,\"darf_loeschen\":1,\"created_at\":\"2026-02-25 05:42:45\"}', '2026-02-28 17:37:34'),
(100, 'admin', 'permission', 20, 'CREATE', 1, 'admin', '192.168.0.135', NULL, '{\"id\":20,\"user_id\":1,\"modul\":\"*\",\"objekt_typ\":\"*\",\"objekt_id\":null,\"darf_sehen\":1,\"darf_aendern\":1,\"darf_loeschen\":1,\"created_at\":\"2026-02-28 18:39:19\"}', '2026-02-28 17:39:19'),
(101, 'admin', 'permission', 18, 'DELETE', 1, 'admin', '192.168.0.135', '{\"id\":18,\"user_id\":1,\"modul\":\"wartungstool\",\"objekt_typ\":\"global\",\"objekt_id\":null,\"darf_sehen\":1,\"darf_aendern\":1,\"darf_loeschen\":1,\"created_at\":\"2026-02-25 05:42:45\"}', NULL, '2026-02-28 17:39:19'),
(102, 'admin', 'permission', 21, 'CREATE', 1, 'admin', '192.168.0.135', NULL, '{\"id\":21,\"user_id\":1,\"modul\":\"wartungstool\",\"objekt_typ\":\"global\",\"objekt_id\":null,\"darf_sehen\":1,\"darf_aendern\":1,\"darf_loeschen\":1,\"created_at\":\"2026-02-28 18:39:19\"}', '2026-02-28 17:39:19'),
(103, 'admin', 'permission', 21, 'UPDATE', 1, 'admin', '192.168.0.135', '{\"id\":21,\"user_id\":1,\"modul\":\"wartungstool\",\"objekt_typ\":\"global\",\"objekt_id\":null,\"darf_sehen\":1,\"darf_aendern\":1,\"darf_loeschen\":1,\"created_at\":\"2026-02-28 18:39:19\"}', '{\"id\":21,\"user_id\":1,\"modul\":\"wartungstool\",\"objekt_typ\":\"global\",\"objekt_id\":null,\"darf_sehen\":1,\"darf_aendern\":1,\"darf_loeschen\":1,\"created_at\":\"2026-02-28 18:39:19\"}', '2026-02-28 17:39:19'),
(104, 'admin', 'permission', 21, 'UPDATE', 1, 'admin', '192.168.0.135', '{\"id\":21,\"user_id\":1,\"modul\":\"wartungstool\",\"objekt_typ\":\"global\",\"objekt_id\":null,\"darf_sehen\":1,\"darf_aendern\":1,\"darf_loeschen\":1,\"created_at\":\"2026-02-28 18:39:19\"}', '{\"id\":21,\"user_id\":1,\"modul\":\"wartungstool\",\"objekt_typ\":\"global\",\"objekt_id\":null,\"darf_sehen\":1,\"darf_aendern\":1,\"darf_loeschen\":1,\"created_at\":\"2026-02-28 18:39:19\"}', '2026-02-28 17:39:19'),
(105, 'admin', 'permission', 20, 'UPDATE', 1, 'admin', '192.168.0.135', '{\"id\":20,\"user_id\":1,\"modul\":\"*\",\"objekt_typ\":\"*\",\"objekt_id\":null,\"darf_sehen\":1,\"darf_aendern\":1,\"darf_loeschen\":1,\"created_at\":\"2026-02-28 18:39:19\"}', '{\"id\":20,\"user_id\":1,\"modul\":\"*\",\"objekt_typ\":\"*\",\"objekt_id\":null,\"darf_sehen\":1,\"darf_aendern\":1,\"darf_loeschen\":1,\"created_at\":\"2026-02-28 18:39:19\"}', '2026-02-28 17:57:33'),
(106, 'admin', 'permission', 21, 'UPDATE', 1, 'admin', '192.168.0.135', '{\"id\":21,\"user_id\":1,\"modul\":\"wartungstool\",\"objekt_typ\":\"global\",\"objekt_id\":null,\"darf_sehen\":1,\"darf_aendern\":1,\"darf_loeschen\":1,\"created_at\":\"2026-02-28 18:39:19\"}', '{\"id\":21,\"user_id\":1,\"modul\":\"wartungstool\",\"objekt_typ\":\"global\",\"objekt_id\":null,\"darf_sehen\":1,\"darf_aendern\":0,\"darf_loeschen\":0,\"created_at\":\"2026-02-28 18:39:19\"}', '2026-02-28 17:57:33'),
(107, 'admin', 'permission', 21, 'UPDATE', 1, 'admin', '192.168.0.135', '{\"id\":21,\"user_id\":1,\"modul\":\"wartungstool\",\"objekt_typ\":\"global\",\"objekt_id\":null,\"darf_sehen\":1,\"darf_aendern\":0,\"darf_loeschen\":0,\"created_at\":\"2026-02-28 18:39:19\"}', '{\"id\":21,\"user_id\":1,\"modul\":\"wartungstool\",\"objekt_typ\":\"global\",\"objekt_id\":null,\"darf_sehen\":1,\"darf_aendern\":1,\"darf_loeschen\":1,\"created_at\":\"2026-02-28 18:39:19\"}', '2026-02-28 17:57:33'),
(108, 'admin', 'permission', 21, 'UPDATE', 1, 'admin', '192.168.0.135', '{\"id\":21,\"user_id\":1,\"modul\":\"wartungstool\",\"objekt_typ\":\"global\",\"objekt_id\":null,\"darf_sehen\":1,\"darf_aendern\":1,\"darf_loeschen\":1,\"created_at\":\"2026-02-28 18:39:19\"}', '{\"id\":21,\"user_id\":1,\"modul\":\"wartungstool\",\"objekt_typ\":\"global\",\"objekt_id\":null,\"darf_sehen\":1,\"darf_aendern\":1,\"darf_loeschen\":1,\"created_at\":\"2026-02-28 18:39:19\"}', '2026-02-28 17:57:33'),
(109, 'admin', 'permission', 21, 'UPDATE', 1, 'admin', '192.168.0.135', '{\"id\":21,\"user_id\":1,\"modul\":\"wartungstool\",\"objekt_typ\":\"global\",\"objekt_id\":null,\"darf_sehen\":1,\"darf_aendern\":1,\"darf_loeschen\":1,\"created_at\":\"2026-02-28 18:39:19\"}', '{\"id\":21,\"user_id\":1,\"modul\":\"wartungstool\",\"objekt_typ\":\"global\",\"objekt_id\":null,\"darf_sehen\":1,\"darf_aendern\":1,\"darf_loeschen\":1,\"created_at\":\"2026-02-28 18:39:19\"}', '2026-02-28 17:57:33'),
(110, 'admin', 'permission', 21, 'UPDATE', 1, 'admin', '192.168.0.135', '{\"id\":21,\"user_id\":1,\"modul\":\"wartungstool\",\"objekt_typ\":\"global\",\"objekt_id\":null,\"darf_sehen\":1,\"darf_aendern\":1,\"darf_loeschen\":1,\"created_at\":\"2026-02-28 18:39:19\"}', '{\"id\":21,\"user_id\":1,\"modul\":\"wartungstool\",\"objekt_typ\":\"global\",\"objekt_id\":null,\"darf_sehen\":1,\"darf_aendern\":1,\"darf_loeschen\":1,\"created_at\":\"2026-02-28 18:39:19\"}', '2026-02-28 17:57:33'),
(111, 'admin', 'permission', 20, 'UPDATE', 1, 'admin', '::1', '{\"id\":20,\"user_id\":1,\"modul\":\"*\",\"objekt_typ\":\"*\",\"objekt_id\":null,\"darf_sehen\":1,\"darf_aendern\":1,\"darf_loeschen\":1,\"created_at\":\"2026-02-28 18:39:19\"}', '{\"id\":20,\"user_id\":1,\"modul\":\"*\",\"objekt_typ\":\"*\",\"objekt_id\":null,\"darf_sehen\":1,\"darf_aendern\":1,\"darf_loeschen\":1,\"created_at\":\"2026-02-28 18:39:19\"}', '2026-02-28 18:41:41'),
(112, 'admin', 'permission', 21, 'DELETE', 1, 'admin', '::1', '{\"id\":21,\"user_id\":1,\"modul\":\"wartungstool\",\"objekt_typ\":\"global\",\"objekt_id\":null,\"darf_sehen\":1,\"darf_aendern\":1,\"darf_loeschen\":1,\"created_at\":\"2026-02-28 18:39:19\"}', NULL, '2026-02-28 18:41:41'),
(113, 'admin', 'permission', 22, 'CREATE', 1, 'admin', '::1', NULL, '{\"id\":22,\"user_id\":1,\"modul\":\"wartungstool\",\"objekt_typ\":\"global\",\"objekt_id\":null,\"darf_sehen\":1,\"darf_aendern\":1,\"darf_loeschen\":1,\"created_at\":\"2026-02-28 19:41:41\"}', '2026-02-28 18:41:41'),
(114, 'admin', 'permission', 22, 'UPDATE', 1, 'admin', '::1', '{\"id\":22,\"user_id\":1,\"modul\":\"wartungstool\",\"objekt_typ\":\"global\",\"objekt_id\":null,\"darf_sehen\":1,\"darf_aendern\":1,\"darf_loeschen\":1,\"created_at\":\"2026-02-28 19:41:41\"}', '{\"id\":22,\"user_id\":1,\"modul\":\"wartungstool\",\"objekt_typ\":\"global\",\"objekt_id\":null,\"darf_sehen\":1,\"darf_aendern\":1,\"darf_loeschen\":1,\"created_at\":\"2026-02-28 19:41:41\"}', '2026-02-28 18:41:41'),
(115, 'admin', 'permission', 22, 'UPDATE', 1, 'admin', '::1', '{\"id\":22,\"user_id\":1,\"modul\":\"wartungstool\",\"objekt_typ\":\"global\",\"objekt_id\":null,\"darf_sehen\":1,\"darf_aendern\":1,\"darf_loeschen\":1,\"created_at\":\"2026-02-28 19:41:41\"}', '{\"id\":22,\"user_id\":1,\"modul\":\"wartungstool\",\"objekt_typ\":\"global\",\"objekt_id\":null,\"darf_sehen\":1,\"darf_aendern\":1,\"darf_loeschen\":1,\"created_at\":\"2026-02-28 19:41:41\"}', '2026-02-28 18:41:41'),
(116, 'admin', 'permission', 23, 'CREATE', 1, 'admin', '::1', NULL, '{\"id\":23,\"user_id\":10,\"modul\":\"admin\",\"objekt_typ\":\"users\",\"objekt_id\":null,\"darf_sehen\":1,\"darf_aendern\":0,\"darf_loeschen\":0,\"created_at\":\"2026-02-28 19:41:51\"}', '2026-02-28 18:41:51'),
(117, 'admin', 'permission', 15, 'UPDATE', 1, 'admin', '::1', '{\"id\":15,\"user_id\":10,\"modul\":\"wartungstool\",\"objekt_typ\":\"global\",\"objekt_id\":null,\"darf_sehen\":1,\"darf_aendern\":0,\"darf_loeschen\":0,\"created_at\":\"2026-02-25 05:42:45\"}', '{\"id\":15,\"user_id\":10,\"modul\":\"wartungstool\",\"objekt_typ\":\"global\",\"objekt_id\":null,\"darf_sehen\":1,\"darf_aendern\":0,\"darf_loeschen\":0,\"created_at\":\"2026-02-25 05:42:45\"}', '2026-02-28 18:41:51'),
(118, 'admin', 'permission', 15, 'UPDATE', 1, 'admin', '::1', '{\"id\":15,\"user_id\":10,\"modul\":\"wartungstool\",\"objekt_typ\":\"global\",\"objekt_id\":null,\"darf_sehen\":1,\"darf_aendern\":0,\"darf_loeschen\":0,\"created_at\":\"2026-02-25 05:42:45\"}', '{\"id\":15,\"user_id\":10,\"modul\":\"wartungstool\",\"objekt_typ\":\"global\",\"objekt_id\":null,\"darf_sehen\":1,\"darf_aendern\":0,\"darf_loeschen\":0,\"created_at\":\"2026-02-25 05:42:45\"}', '2026-02-28 18:41:51'),
(119, 'admin', 'permission', 16, 'UPDATE', 1, 'admin', '::1', '{\"id\":16,\"user_id\":10,\"modul\":\"stoerungstool\",\"objekt_typ\":\"global\",\"objekt_id\":null,\"darf_sehen\":1,\"darf_aendern\":0,\"darf_loeschen\":0,\"created_at\":\"2026-02-25 05:42:45\"}', '{\"id\":16,\"user_id\":10,\"modul\":\"stoerungstool\",\"objekt_typ\":\"global\",\"objekt_id\":null,\"darf_sehen\":1,\"darf_aendern\":0,\"darf_loeschen\":0,\"created_at\":\"2026-02-25 05:42:45\"}', '2026-02-28 18:41:51'),
(120, 'admin', 'permission', 16, 'UPDATE', 1, 'admin', '::1', '{\"id\":16,\"user_id\":10,\"modul\":\"stoerungstool\",\"objekt_typ\":\"global\",\"objekt_id\":null,\"darf_sehen\":1,\"darf_aendern\":0,\"darf_loeschen\":0,\"created_at\":\"2026-02-25 05:42:45\"}', '{\"id\":16,\"user_id\":10,\"modul\":\"stoerungstool\",\"objekt_typ\":\"global\",\"objekt_id\":null,\"darf_sehen\":1,\"darf_aendern\":0,\"darf_loeschen\":0,\"created_at\":\"2026-02-25 05:42:45\"}', '2026-02-28 18:41:51'),
(121, 'admin', 'permission', 16, 'UPDATE', 1, 'admin', '::1', '{\"id\":16,\"user_id\":10,\"modul\":\"stoerungstool\",\"objekt_typ\":\"global\",\"objekt_id\":null,\"darf_sehen\":1,\"darf_aendern\":0,\"darf_loeschen\":0,\"created_at\":\"2026-02-25 05:42:45\"}', '{\"id\":16,\"user_id\":10,\"modul\":\"stoerungstool\",\"objekt_typ\":\"global\",\"objekt_id\":null,\"darf_sehen\":1,\"darf_aendern\":0,\"darf_loeschen\":0,\"created_at\":\"2026-02-25 05:42:45\"}', '2026-02-28 18:41:51'),
(122, 'admin', 'permission', 15, 'UPDATE', 1, 'admin', '::1', '{\"id\":15,\"user_id\":10,\"modul\":\"wartungstool\",\"objekt_typ\":\"global\",\"objekt_id\":null,\"darf_sehen\":1,\"darf_aendern\":0,\"darf_loeschen\":0,\"created_at\":\"2026-02-25 05:42:45\"}', '{\"id\":15,\"user_id\":10,\"modul\":\"wartungstool\",\"objekt_typ\":\"global\",\"objekt_id\":null,\"darf_sehen\":1,\"darf_aendern\":0,\"darf_loeschen\":0,\"created_at\":\"2026-02-25 05:42:45\"}', '2026-02-28 18:41:51'),
(123, 'admin', 'permission', 15, 'UPDATE', 1, 'admin', '::1', '{\"id\":15,\"user_id\":10,\"modul\":\"wartungstool\",\"objekt_typ\":\"global\",\"objekt_id\":null,\"darf_sehen\":1,\"darf_aendern\":0,\"darf_loeschen\":0,\"created_at\":\"2026-02-25 05:42:45\"}', '{\"id\":15,\"user_id\":10,\"modul\":\"wartungstool\",\"objekt_typ\":\"global\",\"objekt_id\":null,\"darf_sehen\":1,\"darf_aendern\":0,\"darf_loeschen\":0,\"created_at\":\"2026-02-25 05:42:45\"}', '2026-02-28 18:41:51'),
(124, 'admin', 'permission', 15, 'UPDATE', 1, 'admin', '::1', '{\"id\":15,\"user_id\":10,\"modul\":\"wartungstool\",\"objekt_typ\":\"global\",\"objekt_id\":null,\"darf_sehen\":1,\"darf_aendern\":0,\"darf_loeschen\":0,\"created_at\":\"2026-02-25 05:42:45\"}', '{\"id\":15,\"user_id\":10,\"modul\":\"wartungstool\",\"objekt_typ\":\"global\",\"objekt_id\":null,\"darf_sehen\":1,\"darf_aendern\":0,\"darf_loeschen\":0,\"created_at\":\"2026-02-25 05:42:45\"}', '2026-02-28 18:41:51'),
(125, 'admin', 'permission', 23, 'UPDATE', 1, 'admin', '::1', '{\"id\":23,\"user_id\":10,\"modul\":\"admin\",\"objekt_typ\":\"users\",\"objekt_id\":null,\"darf_sehen\":1,\"darf_aendern\":0,\"darf_loeschen\":0,\"created_at\":\"2026-02-28 19:41:51\"}', '{\"id\":23,\"user_id\":10,\"modul\":\"admin\",\"objekt_typ\":\"users\",\"objekt_id\":null,\"darf_sehen\":1,\"darf_aendern\":0,\"darf_loeschen\":0,\"created_at\":\"2026-02-28 19:41:51\"}', '2026-02-28 18:42:09'),
(126, 'admin', 'permission', 15, 'UPDATE', 1, 'admin', '::1', '{\"id\":15,\"user_id\":10,\"modul\":\"wartungstool\",\"objekt_typ\":\"global\",\"objekt_id\":null,\"darf_sehen\":1,\"darf_aendern\":0,\"darf_loeschen\":0,\"created_at\":\"2026-02-25 05:42:45\"}', '{\"id\":15,\"user_id\":10,\"modul\":\"wartungstool\",\"objekt_typ\":\"global\",\"objekt_id\":null,\"darf_sehen\":1,\"darf_aendern\":1,\"darf_loeschen\":0,\"created_at\":\"2026-02-25 05:42:45\"}', '2026-02-28 18:42:09'),
(127, 'admin', 'permission', 15, 'UPDATE', 1, 'admin', '::1', '{\"id\":15,\"user_id\":10,\"modul\":\"wartungstool\",\"objekt_typ\":\"global\",\"objekt_id\":null,\"darf_sehen\":1,\"darf_aendern\":1,\"darf_loeschen\":0,\"created_at\":\"2026-02-25 05:42:45\"}', '{\"id\":15,\"user_id\":10,\"modul\":\"wartungstool\",\"objekt_typ\":\"global\",\"objekt_id\":null,\"darf_sehen\":1,\"darf_aendern\":1,\"darf_loeschen\":0,\"created_at\":\"2026-02-25 05:42:45\"}', '2026-02-28 18:42:09'),
(128, 'admin', 'permission', 16, 'UPDATE', 1, 'admin', '::1', '{\"id\":16,\"user_id\":10,\"modul\":\"stoerungstool\",\"objekt_typ\":\"global\",\"objekt_id\":null,\"darf_sehen\":1,\"darf_aendern\":0,\"darf_loeschen\":0,\"created_at\":\"2026-02-25 05:42:45\"}', '{\"id\":16,\"user_id\":10,\"modul\":\"stoerungstool\",\"objekt_typ\":\"global\",\"objekt_id\":null,\"darf_sehen\":1,\"darf_aendern\":1,\"darf_loeschen\":0,\"created_at\":\"2026-02-25 05:42:45\"}', '2026-02-28 18:42:09'),
(129, 'admin', 'permission', 16, 'UPDATE', 1, 'admin', '::1', '{\"id\":16,\"user_id\":10,\"modul\":\"stoerungstool\",\"objekt_typ\":\"global\",\"objekt_id\":null,\"darf_sehen\":1,\"darf_aendern\":1,\"darf_loeschen\":0,\"created_at\":\"2026-02-25 05:42:45\"}', '{\"id\":16,\"user_id\":10,\"modul\":\"stoerungstool\",\"objekt_typ\":\"global\",\"objekt_id\":null,\"darf_sehen\":1,\"darf_aendern\":1,\"darf_loeschen\":0,\"created_at\":\"2026-02-25 05:42:45\"}', '2026-02-28 18:42:09'),
(130, 'admin', 'permission', 16, 'UPDATE', 1, 'admin', '::1', '{\"id\":16,\"user_id\":10,\"modul\":\"stoerungstool\",\"objekt_typ\":\"global\",\"objekt_id\":null,\"darf_sehen\":1,\"darf_aendern\":1,\"darf_loeschen\":0,\"created_at\":\"2026-02-25 05:42:45\"}', '{\"id\":16,\"user_id\":10,\"modul\":\"stoerungstool\",\"objekt_typ\":\"global\",\"objekt_id\":null,\"darf_sehen\":1,\"darf_aendern\":1,\"darf_loeschen\":0,\"created_at\":\"2026-02-25 05:42:45\"}', '2026-02-28 18:42:09'),
(131, 'admin', 'permission', 15, 'UPDATE', 1, 'admin', '::1', '{\"id\":15,\"user_id\":10,\"modul\":\"wartungstool\",\"objekt_typ\":\"global\",\"objekt_id\":null,\"darf_sehen\":1,\"darf_aendern\":1,\"darf_loeschen\":0,\"created_at\":\"2026-02-25 05:42:45\"}', '{\"id\":15,\"user_id\":10,\"modul\":\"wartungstool\",\"objekt_typ\":\"global\",\"objekt_id\":null,\"darf_sehen\":1,\"darf_aendern\":0,\"darf_loeschen\":0,\"created_at\":\"2026-02-25 05:42:45\"}', '2026-02-28 18:42:09'),
(132, 'admin', 'permission', 15, 'UPDATE', 1, 'admin', '::1', '{\"id\":15,\"user_id\":10,\"modul\":\"wartungstool\",\"objekt_typ\":\"global\",\"objekt_id\":null,\"darf_sehen\":1,\"darf_aendern\":0,\"darf_loeschen\":0,\"created_at\":\"2026-02-25 05:42:45\"}', '{\"id\":15,\"user_id\":10,\"modul\":\"wartungstool\",\"objekt_typ\":\"global\",\"objekt_id\":null,\"darf_sehen\":1,\"darf_aendern\":0,\"darf_loeschen\":0,\"created_at\":\"2026-02-25 05:42:45\"}', '2026-02-28 18:42:09'),
(133, 'admin', 'permission', 15, 'UPDATE', 1, 'admin', '::1', '{\"id\":15,\"user_id\":10,\"modul\":\"wartungstool\",\"objekt_typ\":\"global\",\"objekt_id\":null,\"darf_sehen\":1,\"darf_aendern\":0,\"darf_loeschen\":0,\"created_at\":\"2026-02-25 05:42:45\"}', '{\"id\":15,\"user_id\":10,\"modul\":\"wartungstool\",\"objekt_typ\":\"global\",\"objekt_id\":null,\"darf_sehen\":1,\"darf_aendern\":0,\"darf_loeschen\":0,\"created_at\":\"2026-02-25 05:42:45\"}', '2026-02-28 18:42:09'),
(134, 'admin', 'permission', 23, 'UPDATE', 1, 'admin', '::1', '{\"id\":23,\"user_id\":10,\"modul\":\"admin\",\"objekt_typ\":\"users\",\"objekt_id\":null,\"darf_sehen\":1,\"darf_aendern\":0,\"darf_loeschen\":0,\"created_at\":\"2026-02-28 19:41:51\"}', '{\"id\":23,\"user_id\":10,\"modul\":\"admin\",\"objekt_typ\":\"users\",\"objekt_id\":null,\"darf_sehen\":1,\"darf_aendern\":1,\"darf_loeschen\":0,\"created_at\":\"2026-02-28 19:41:51\"}', '2026-02-28 19:38:20'),
(135, 'admin', 'permission', 15, 'UPDATE', 1, 'admin', '::1', '{\"id\":15,\"user_id\":10,\"modul\":\"wartungstool\",\"objekt_typ\":\"global\",\"objekt_id\":null,\"darf_sehen\":1,\"darf_aendern\":0,\"darf_loeschen\":0,\"created_at\":\"2026-02-25 05:42:45\"}', '{\"id\":15,\"user_id\":10,\"modul\":\"wartungstool\",\"objekt_typ\":\"global\",\"objekt_id\":null,\"darf_sehen\":1,\"darf_aendern\":0,\"darf_loeschen\":0,\"created_at\":\"2026-02-25 05:42:45\"}', '2026-02-28 19:38:20'),
(136, 'admin', 'permission', 15, 'UPDATE', 1, 'admin', '::1', '{\"id\":15,\"user_id\":10,\"modul\":\"wartungstool\",\"objekt_typ\":\"global\",\"objekt_id\":null,\"darf_sehen\":1,\"darf_aendern\":0,\"darf_loeschen\":0,\"created_at\":\"2026-02-25 05:42:45\"}', '{\"id\":15,\"user_id\":10,\"modul\":\"wartungstool\",\"objekt_typ\":\"global\",\"objekt_id\":null,\"darf_sehen\":1,\"darf_aendern\":0,\"darf_loeschen\":0,\"created_at\":\"2026-02-25 05:42:45\"}', '2026-02-28 19:38:20'),
(137, 'admin', 'permission', 16, 'UPDATE', 1, 'admin', '::1', '{\"id\":16,\"user_id\":10,\"modul\":\"stoerungstool\",\"objekt_typ\":\"global\",\"objekt_id\":null,\"darf_sehen\":1,\"darf_aendern\":1,\"darf_loeschen\":0,\"created_at\":\"2026-02-25 05:42:45\"}', '{\"id\":16,\"user_id\":10,\"modul\":\"stoerungstool\",\"objekt_typ\":\"global\",\"objekt_id\":null,\"darf_sehen\":1,\"darf_aendern\":1,\"darf_loeschen\":0,\"created_at\":\"2026-02-25 05:42:45\"}', '2026-02-28 19:38:20'),
(138, 'admin', 'permission', 16, 'UPDATE', 1, 'admin', '::1', '{\"id\":16,\"user_id\":10,\"modul\":\"stoerungstool\",\"objekt_typ\":\"global\",\"objekt_id\":null,\"darf_sehen\":1,\"darf_aendern\":1,\"darf_loeschen\":0,\"created_at\":\"2026-02-25 05:42:45\"}', '{\"id\":16,\"user_id\":10,\"modul\":\"stoerungstool\",\"objekt_typ\":\"global\",\"objekt_id\":null,\"darf_sehen\":1,\"darf_aendern\":1,\"darf_loeschen\":0,\"created_at\":\"2026-02-25 05:42:45\"}', '2026-02-28 19:38:20'),
(139, 'admin', 'permission', 16, 'UPDATE', 1, 'admin', '::1', '{\"id\":16,\"user_id\":10,\"modul\":\"stoerungstool\",\"objekt_typ\":\"global\",\"objekt_id\":null,\"darf_sehen\":1,\"darf_aendern\":1,\"darf_loeschen\":0,\"created_at\":\"2026-02-25 05:42:45\"}', '{\"id\":16,\"user_id\":10,\"modul\":\"stoerungstool\",\"objekt_typ\":\"global\",\"objekt_id\":null,\"darf_sehen\":1,\"darf_aendern\":1,\"darf_loeschen\":0,\"created_at\":\"2026-02-25 05:42:45\"}', '2026-02-28 19:38:20'),
(140, 'admin', 'permission', 15, 'UPDATE', 1, 'admin', '::1', '{\"id\":15,\"user_id\":10,\"modul\":\"wartungstool\",\"objekt_typ\":\"global\",\"objekt_id\":null,\"darf_sehen\":1,\"darf_aendern\":0,\"darf_loeschen\":0,\"created_at\":\"2026-02-25 05:42:45\"}', '{\"id\":15,\"user_id\":10,\"modul\":\"wartungstool\",\"objekt_typ\":\"global\",\"objekt_id\":null,\"darf_sehen\":1,\"darf_aendern\":0,\"darf_loeschen\":0,\"created_at\":\"2026-02-25 05:42:45\"}', '2026-02-28 19:38:20');
INSERT INTO `core_audit_log` (`id`, `modul`, `entity_type`, `entity_id`, `action`, `actor_user_id`, `actor_text`, `ip_addr`, `old_json`, `new_json`, `created_at`) VALUES
(141, 'admin', 'permission', 15, 'UPDATE', 1, 'admin', '::1', '{\"id\":15,\"user_id\":10,\"modul\":\"wartungstool\",\"objekt_typ\":\"global\",\"objekt_id\":null,\"darf_sehen\":1,\"darf_aendern\":0,\"darf_loeschen\":0,\"created_at\":\"2026-02-25 05:42:45\"}', '{\"id\":15,\"user_id\":10,\"modul\":\"wartungstool\",\"objekt_typ\":\"global\",\"objekt_id\":null,\"darf_sehen\":1,\"darf_aendern\":0,\"darf_loeschen\":0,\"created_at\":\"2026-02-25 05:42:45\"}', '2026-02-28 19:38:20'),
(142, 'admin', 'permission', 15, 'UPDATE', 1, 'admin', '::1', '{\"id\":15,\"user_id\":10,\"modul\":\"wartungstool\",\"objekt_typ\":\"global\",\"objekt_id\":null,\"darf_sehen\":1,\"darf_aendern\":0,\"darf_loeschen\":0,\"created_at\":\"2026-02-25 05:42:45\"}', '{\"id\":15,\"user_id\":10,\"modul\":\"wartungstool\",\"objekt_typ\":\"global\",\"objekt_id\":null,\"darf_sehen\":1,\"darf_aendern\":0,\"darf_loeschen\":0,\"created_at\":\"2026-02-25 05:42:45\"}', '2026-02-28 19:38:20'),
(143, 'admin', 'permission', 23, 'UPDATE', 1, 'admin', '::1', '{\"id\":23,\"user_id\":10,\"modul\":\"admin\",\"objekt_typ\":\"users\",\"objekt_id\":null,\"darf_sehen\":1,\"darf_aendern\":1,\"darf_loeschen\":0,\"created_at\":\"2026-02-28 19:41:51\"}', '{\"id\":23,\"user_id\":10,\"modul\":\"admin\",\"objekt_typ\":\"users\",\"objekt_id\":null,\"darf_sehen\":1,\"darf_aendern\":0,\"darf_loeschen\":0,\"created_at\":\"2026-02-28 19:41:51\"}', '2026-02-28 19:38:24'),
(144, 'admin', 'permission', 15, 'UPDATE', 1, 'admin', '::1', '{\"id\":15,\"user_id\":10,\"modul\":\"wartungstool\",\"objekt_typ\":\"global\",\"objekt_id\":null,\"darf_sehen\":1,\"darf_aendern\":0,\"darf_loeschen\":0,\"created_at\":\"2026-02-25 05:42:45\"}', '{\"id\":15,\"user_id\":10,\"modul\":\"wartungstool\",\"objekt_typ\":\"global\",\"objekt_id\":null,\"darf_sehen\":1,\"darf_aendern\":0,\"darf_loeschen\":0,\"created_at\":\"2026-02-25 05:42:45\"}', '2026-02-28 19:38:24'),
(145, 'admin', 'permission', 15, 'UPDATE', 1, 'admin', '::1', '{\"id\":15,\"user_id\":10,\"modul\":\"wartungstool\",\"objekt_typ\":\"global\",\"objekt_id\":null,\"darf_sehen\":1,\"darf_aendern\":0,\"darf_loeschen\":0,\"created_at\":\"2026-02-25 05:42:45\"}', '{\"id\":15,\"user_id\":10,\"modul\":\"wartungstool\",\"objekt_typ\":\"global\",\"objekt_id\":null,\"darf_sehen\":1,\"darf_aendern\":0,\"darf_loeschen\":0,\"created_at\":\"2026-02-25 05:42:45\"}', '2026-02-28 19:38:24'),
(146, 'admin', 'permission', 16, 'UPDATE', 1, 'admin', '::1', '{\"id\":16,\"user_id\":10,\"modul\":\"stoerungstool\",\"objekt_typ\":\"global\",\"objekt_id\":null,\"darf_sehen\":1,\"darf_aendern\":1,\"darf_loeschen\":0,\"created_at\":\"2026-02-25 05:42:45\"}', '{\"id\":16,\"user_id\":10,\"modul\":\"stoerungstool\",\"objekt_typ\":\"global\",\"objekt_id\":null,\"darf_sehen\":1,\"darf_aendern\":1,\"darf_loeschen\":0,\"created_at\":\"2026-02-25 05:42:45\"}', '2026-02-28 19:38:24'),
(147, 'admin', 'permission', 16, 'UPDATE', 1, 'admin', '::1', '{\"id\":16,\"user_id\":10,\"modul\":\"stoerungstool\",\"objekt_typ\":\"global\",\"objekt_id\":null,\"darf_sehen\":1,\"darf_aendern\":1,\"darf_loeschen\":0,\"created_at\":\"2026-02-25 05:42:45\"}', '{\"id\":16,\"user_id\":10,\"modul\":\"stoerungstool\",\"objekt_typ\":\"global\",\"objekt_id\":null,\"darf_sehen\":1,\"darf_aendern\":1,\"darf_loeschen\":0,\"created_at\":\"2026-02-25 05:42:45\"}', '2026-02-28 19:38:24'),
(148, 'admin', 'permission', 16, 'UPDATE', 1, 'admin', '::1', '{\"id\":16,\"user_id\":10,\"modul\":\"stoerungstool\",\"objekt_typ\":\"global\",\"objekt_id\":null,\"darf_sehen\":1,\"darf_aendern\":1,\"darf_loeschen\":0,\"created_at\":\"2026-02-25 05:42:45\"}', '{\"id\":16,\"user_id\":10,\"modul\":\"stoerungstool\",\"objekt_typ\":\"global\",\"objekt_id\":null,\"darf_sehen\":1,\"darf_aendern\":1,\"darf_loeschen\":0,\"created_at\":\"2026-02-25 05:42:45\"}', '2026-02-28 19:38:24'),
(149, 'admin', 'permission', 15, 'UPDATE', 1, 'admin', '::1', '{\"id\":15,\"user_id\":10,\"modul\":\"wartungstool\",\"objekt_typ\":\"global\",\"objekt_id\":null,\"darf_sehen\":1,\"darf_aendern\":0,\"darf_loeschen\":0,\"created_at\":\"2026-02-25 05:42:45\"}', '{\"id\":15,\"user_id\":10,\"modul\":\"wartungstool\",\"objekt_typ\":\"global\",\"objekt_id\":null,\"darf_sehen\":1,\"darf_aendern\":0,\"darf_loeschen\":0,\"created_at\":\"2026-02-25 05:42:45\"}', '2026-02-28 19:38:24'),
(150, 'admin', 'permission', 15, 'UPDATE', 1, 'admin', '::1', '{\"id\":15,\"user_id\":10,\"modul\":\"wartungstool\",\"objekt_typ\":\"global\",\"objekt_id\":null,\"darf_sehen\":1,\"darf_aendern\":0,\"darf_loeschen\":0,\"created_at\":\"2026-02-25 05:42:45\"}', '{\"id\":15,\"user_id\":10,\"modul\":\"wartungstool\",\"objekt_typ\":\"global\",\"objekt_id\":null,\"darf_sehen\":1,\"darf_aendern\":0,\"darf_loeschen\":0,\"created_at\":\"2026-02-25 05:42:45\"}', '2026-02-28 19:38:24'),
(151, 'admin', 'permission', 15, 'UPDATE', 1, 'admin', '::1', '{\"id\":15,\"user_id\":10,\"modul\":\"wartungstool\",\"objekt_typ\":\"global\",\"objekt_id\":null,\"darf_sehen\":1,\"darf_aendern\":0,\"darf_loeschen\":0,\"created_at\":\"2026-02-25 05:42:45\"}', '{\"id\":15,\"user_id\":10,\"modul\":\"wartungstool\",\"objekt_typ\":\"global\",\"objekt_id\":null,\"darf_sehen\":1,\"darf_aendern\":0,\"darf_loeschen\":0,\"created_at\":\"2026-02-25 05:42:45\"}', '2026-02-28 19:38:24'),
(152, 'admin', 'permission', 23, 'DELETE', 1, 'admin', '::1', '{\"id\":23,\"user_id\":10,\"modul\":\"admin\",\"objekt_typ\":\"users\",\"objekt_id\":null,\"darf_sehen\":1,\"darf_aendern\":0,\"darf_loeschen\":0,\"created_at\":\"2026-02-28 19:41:51\"}', NULL, '2026-02-28 19:38:35'),
(153, 'admin', 'permission', 15, 'UPDATE', 1, 'admin', '::1', '{\"id\":15,\"user_id\":10,\"modul\":\"wartungstool\",\"objekt_typ\":\"global\",\"objekt_id\":null,\"darf_sehen\":1,\"darf_aendern\":0,\"darf_loeschen\":0,\"created_at\":\"2026-02-25 05:42:45\"}', '{\"id\":15,\"user_id\":10,\"modul\":\"wartungstool\",\"objekt_typ\":\"global\",\"objekt_id\":null,\"darf_sehen\":1,\"darf_aendern\":0,\"darf_loeschen\":0,\"created_at\":\"2026-02-25 05:42:45\"}', '2026-02-28 19:38:35'),
(154, 'admin', 'permission', 15, 'UPDATE', 1, 'admin', '::1', '{\"id\":15,\"user_id\":10,\"modul\":\"wartungstool\",\"objekt_typ\":\"global\",\"objekt_id\":null,\"darf_sehen\":1,\"darf_aendern\":0,\"darf_loeschen\":0,\"created_at\":\"2026-02-25 05:42:45\"}', '{\"id\":15,\"user_id\":10,\"modul\":\"wartungstool\",\"objekt_typ\":\"global\",\"objekt_id\":null,\"darf_sehen\":1,\"darf_aendern\":0,\"darf_loeschen\":0,\"created_at\":\"2026-02-25 05:42:45\"}', '2026-02-28 19:38:35'),
(155, 'admin', 'permission', 16, 'UPDATE', 1, 'admin', '::1', '{\"id\":16,\"user_id\":10,\"modul\":\"stoerungstool\",\"objekt_typ\":\"global\",\"objekt_id\":null,\"darf_sehen\":1,\"darf_aendern\":1,\"darf_loeschen\":0,\"created_at\":\"2026-02-25 05:42:45\"}', '{\"id\":16,\"user_id\":10,\"modul\":\"stoerungstool\",\"objekt_typ\":\"global\",\"objekt_id\":null,\"darf_sehen\":1,\"darf_aendern\":1,\"darf_loeschen\":0,\"created_at\":\"2026-02-25 05:42:45\"}', '2026-02-28 19:38:35'),
(156, 'admin', 'permission', 16, 'UPDATE', 1, 'admin', '::1', '{\"id\":16,\"user_id\":10,\"modul\":\"stoerungstool\",\"objekt_typ\":\"global\",\"objekt_id\":null,\"darf_sehen\":1,\"darf_aendern\":1,\"darf_loeschen\":0,\"created_at\":\"2026-02-25 05:42:45\"}', '{\"id\":16,\"user_id\":10,\"modul\":\"stoerungstool\",\"objekt_typ\":\"global\",\"objekt_id\":null,\"darf_sehen\":1,\"darf_aendern\":1,\"darf_loeschen\":0,\"created_at\":\"2026-02-25 05:42:45\"}', '2026-02-28 19:38:35'),
(157, 'admin', 'permission', 16, 'UPDATE', 1, 'admin', '::1', '{\"id\":16,\"user_id\":10,\"modul\":\"stoerungstool\",\"objekt_typ\":\"global\",\"objekt_id\":null,\"darf_sehen\":1,\"darf_aendern\":1,\"darf_loeschen\":0,\"created_at\":\"2026-02-25 05:42:45\"}', '{\"id\":16,\"user_id\":10,\"modul\":\"stoerungstool\",\"objekt_typ\":\"global\",\"objekt_id\":null,\"darf_sehen\":1,\"darf_aendern\":1,\"darf_loeschen\":0,\"created_at\":\"2026-02-25 05:42:45\"}', '2026-02-28 19:38:35'),
(158, 'admin', 'permission', 15, 'UPDATE', 1, 'admin', '::1', '{\"id\":15,\"user_id\":10,\"modul\":\"wartungstool\",\"objekt_typ\":\"global\",\"objekt_id\":null,\"darf_sehen\":1,\"darf_aendern\":0,\"darf_loeschen\":0,\"created_at\":\"2026-02-25 05:42:45\"}', '{\"id\":15,\"user_id\":10,\"modul\":\"wartungstool\",\"objekt_typ\":\"global\",\"objekt_id\":null,\"darf_sehen\":1,\"darf_aendern\":0,\"darf_loeschen\":0,\"created_at\":\"2026-02-25 05:42:45\"}', '2026-02-28 19:38:35'),
(159, 'admin', 'permission', 15, 'UPDATE', 1, 'admin', '::1', '{\"id\":15,\"user_id\":10,\"modul\":\"wartungstool\",\"objekt_typ\":\"global\",\"objekt_id\":null,\"darf_sehen\":1,\"darf_aendern\":0,\"darf_loeschen\":0,\"created_at\":\"2026-02-25 05:42:45\"}', '{\"id\":15,\"user_id\":10,\"modul\":\"wartungstool\",\"objekt_typ\":\"global\",\"objekt_id\":null,\"darf_sehen\":1,\"darf_aendern\":0,\"darf_loeschen\":0,\"created_at\":\"2026-02-25 05:42:45\"}', '2026-02-28 19:38:35'),
(160, 'admin', 'permission', 15, 'UPDATE', 1, 'admin', '::1', '{\"id\":15,\"user_id\":10,\"modul\":\"wartungstool\",\"objekt_typ\":\"global\",\"objekt_id\":null,\"darf_sehen\":1,\"darf_aendern\":0,\"darf_loeschen\":0,\"created_at\":\"2026-02-25 05:42:45\"}', '{\"id\":15,\"user_id\":10,\"modul\":\"wartungstool\",\"objekt_typ\":\"global\",\"objekt_id\":null,\"darf_sehen\":1,\"darf_aendern\":0,\"darf_loeschen\":0,\"created_at\":\"2026-02-25 05:42:45\"}', '2026-02-28 19:38:35'),
(161, 'wartungstool', 'protokoll', 74, 'CREATE', 1, 'Johannes Pletschacher', '::1', NULL, '{\"wartungspunkt_id\":36,\"asset_id\":12,\"status\":\"abweichung\",\"messwert\":78,\"team_text\":\"\",\"bemerkung\":\"\"}', '2026-02-28 19:39:49'),
(162, 'wartungstool', 'wartungspunkt', 36, 'UPDATE', 1, 'Johannes Pletschacher', '::1', '{\"letzte_wartung\":null,\"datum\":\"2026-02-27 14:23:35\",\"updated_at\":\"2026-02-27 16:16:42\"}', '{\"letzte_wartung\":null,\"datum\":\"2026-02-28 20:39:49\",\"updated_at\":\"2026-02-28 20:39:49\"}', '2026-02-28 19:39:49'),
(163, 'stoerungstool', 'ticket', 163, 'CREATE', 1, 'Johannes Pletschacher', '::1', NULL, '{\"asset_id\":12,\"titel\":\"Wartung: BAZ-12 Bearbeitungszentrum 12 (groß) – Schmierung prüfen\",\"kategorie\":\"Wartung\",\"source_protokoll_id\":74}', '2026-02-28 19:39:49'),
(164, 'stoerungstool', 'ticket', 163, 'STATUS', 1, 'Johannes Pletschacher', '::1', NULL, '{\"status\":\"bestellt\"}', '2026-02-28 20:24:50');

-- ---------------------------------------------------------------------
-- Seeds: core_menu
-- ---------------------------------------------------------------------
INSERT INTO `core_menu` (`id`, `name`, `titel`, `aktiv`) VALUES
(1, 'main', 'Hauptmenü', 1);

-- ---------------------------------------------------------------------
-- Seeds: core_route
-- ---------------------------------------------------------------------
INSERT INTO `core_route` (`id`, `route_key`, `titel`, `file_path`, `modul`, `objekt_typ`, `objekt_id`, `require_login`, `aktiv`, `sort`) VALUES
(1, 'admin.setup', 'Setup – Erstuser', 'module/admin/setup.php', NULL, NULL, NULL, 0, 1, 1),
(2, 'wartung.dashboard', 'Wartung – Dashboard', 'module/wartungstool/dashboard.php', 'wartungstool', 'global', NULL, 1, 1, 10),
(3, 'wartung.uebersicht', 'Wartung – Übersicht', 'module/wartungstool/uebersicht.php', 'wartungstool', 'global', NULL, 1, 1, 12),
(4, 'wartung.punkt', 'Wartungspunkt', 'module/wartungstool/punkt.php', 'wartungstool', 'global', NULL, 1, 1, 110),
(5, 'wartung.punkt_save', 'Wartung speichern', 'module/wartungstool/punkt_save.php', 'wartungstool', 'global', NULL, 1, 1, 111),
(6, 'wartung.admin_punkte', 'Admin – Wartungspunkte', 'module/wartungstool/admin_punkte.php', 'wartungstool', 'global', NULL, 1, 1, 200),
(7, 'stoerung.inbox', 'Störungen – Inbox', 'module/stoerungstool/inbox.php', 'stoerungstool', 'global', NULL, 1, 1, 20),
(8, 'stoerung.ticket', 'Ticket', 'module/stoerungstool/ticket.php', 'stoerungstool', 'global', NULL, 1, 1, 21),
(9, 'stoerung.melden', 'Störung melden', 'module/stoerungstool/melden.php', 'stoerungstool', 'global', NULL, 0, 1, 22),
(10, 'admin.users', 'Admin – Benutzer', 'module/admin/users.php', 'admin', 'users', NULL, 1, 1, 10),
(11, 'admin.routes', 'Admin – Routes', 'module/admin/routes.php', 'admin', 'routes', NULL, 1, 1, 20),
(12, 'admin.menu', 'Admin – Menü', 'module/admin/menu.php', 'admin', 'menu', NULL, 1, 1, 30),
(13, 'admin.permissions', 'Admin – Berechtigungen', 'module/admin/permissions.php', 'admin', 'permissions', NULL, 1, 1, 40);

-- ---------------------------------------------------------------------
-- Seeds: core_standort
-- ---------------------------------------------------------------------
INSERT INTO `core_standort` (`id`, `name`, `beschreibung`, `aktiv`) VALUES
(1, 'Halle 1 – CNC-Fertigung', '2-Schicht-Fertigung, 20 CNC-Fräsmaschinen (Reihen A–D)', 1),
(2, 'Halle 1 – Werkzeugvoreinstellung', 'Werkzeugmagazin, Voreinstellgerät, Schrumpfgeräte', 1),
(3, 'Halle 1 – Messraum', 'Klimatisierter Messraum (QS, Messmittel)', 1),
(4, 'Halle 2 – Zuschnitt & Sägen', 'Sägen, Rohmateriallager, Zuschnittplätze', 1),
(5, 'Halle 2 – Montage', 'Montageinseln, Endmontage, Verpackung', 1),
(6, 'Halle 2 – Prüfstand', 'Dichtheitsprüfung, Funktionsprüfung', 1),
(7, 'Technikraum – Druckluft (Halle 2)', 'Kompressoren + Trockner + Behälter, Hauptverteilung', 1),
(8, 'Technikraum – Druckluft (Halle 1)', 'Kompressor-Backup, lokale Verteilung', 1),
(9, 'Bürotrakt – EG – Empfang', 'Empfang, Besprechung, Besuchermanagement', 1),
(10, 'Bürotrakt – EG – Einkauf', 'Disposition, Wareneingang, Lieferanten', 1),
(11, 'Bürotrakt – 1.OG – Konstruktion', 'CAD, Arbeitsvorbereitung', 1),
(12, 'Bürotrakt – 1.OG – QS', 'Qualitätssicherung, Reklamationen', 1),
(13, 'Bürotrakt – 2.OG – IT/ERP', 'IT, Serverraum, ERP/Reporting', 1),
(14, 'Außenbereich – Wareneingang', 'Rampe, Stapler, Außenlager', 1),
(15, 'Außenbereich – Kühlmittel/Lager', 'Kühlmittelcontainer, Gefahrstoffschrank', 1),
(16, 'Halle 1 – Späneaufbereitung', 'Späneförderung, Container, Brikettierung (RUF 11), Absaugung', 1),
(17, 'Halle 2 – Medienstation Kühlwasser', 'Dezentrale Befüll- & Analyse-Station für Kühlwasser / Kreisläufe', 1);

-- ---------------------------------------------------------------------
-- Seeds: core_user
-- ---------------------------------------------------------------------
INSERT INTO `core_user` (`id`, `benutzername`, `passwort_hash`, `anzeigename`, `aktiv`, `created_at`, `last_login_at`) VALUES
(1, 'admin', '$2y$10$vYeFowdTYQTFrM8LZrihiusRyjZQl26YejIx7W57uM8TaGm48/qUC', 'Johannes Pletschacher', 1, '2026-02-23 15:30:17', '2026-02-28 19:41:24'),
(2, 'instandhaltung.leiter', '$2y$10$GQN4ug9qg8KIExLyKrBKcOFgbc/orJaMzDZ8dOkAt8MZm.CoRcw2G', 'Nina Bergmann (IH-Leitung)', 1, '2025-12-01 08:00:00', '2026-02-25 21:01:27'),
(3, 'ih.lukas', '$2y$10$MCF52Wa2WPZp82cUxx0lzeWNiVVnUK60KVrXxDkRnbM7SzQCmxRne', 'Lukas Klein (Techniker)', 1, '2025-12-01 08:00:00', '2026-02-24 07:30:00'),
(4, 'ih.emre', '$2y$10$Wb0podxnyLcJzhHCz949tO/5.kp21STgG1LOFoI0mb0kJ1hS6YLf6', 'Emre Yilmaz (Techniker)', 1, '2025-12-01 08:00:00', '2026-02-24 07:30:00'),
(5, 'schicht.sabine', '$2y$10$9.I98Fxh4daGcXn2Lw34feUAw6vWXAVa.k7hUiD7cNXy5EZy0Wru6', 'Sabine Koch (Schichtleitung)', 1, '2025-12-01 08:00:00', '2026-02-24 07:30:00'),
(6, 'schicht.tobias', '$2y$10$VVl61PZn8X.ZtRKYzdF2g.rVhwDbW/hc6G4ztUrER2eycsXCWmdCy', 'Tobias Werner (Schichtleitung)', 1, '2025-12-01 08:00:00', '2026-02-24 07:30:00'),
(7, 'prod.marek', '$2y$10$jVgl4UIMfJpk5Lec27jnAekbhy.EjBOXjV4f7YTvymtBB5pPz4moW', 'Marek Nowak (Produktion)', 1, '2025-12-01 08:00:00', '2026-02-24 07:30:00'),
(8, 'prod.julia', '$2y$10$v3w7RSVNRWJSVM8s5ORTDOJsbrR4Xq36zEZx.UhTE4MUxOLf7v/BK', 'Julia Schneider (Produktion)', 1, '2025-12-01 08:00:00', '2026-02-24 07:30:00'),
(9, 'qs.anja', '$2y$10$0Ob/uce6L4wwUShg7r3wo.2kQcPQkOPIcj9ZzLD8ZesSnKNrf7lzK', 'Anja Richter (QS)', 1, '2025-12-01 08:00:00', '2026-02-24 07:30:00'),
(10, 'av.kathrin', '$2y$10$EV1z4ahA8R.DtjOAc6rCiOQN0JxPCnQNo6x9tN6scK1FZmFIuGaI6', 'Kathrin Vogel (AV/Office)', 1, '2025-12-01 08:00:00', '2026-02-24 07:30:00');

-- ---------------------------------------------------------------------
-- Seeds: core_asset
-- ---------------------------------------------------------------------
INSERT INTO `core_asset` (`id`, `code`, `name`, `asset_typ`, `kategorie_id`, `standort_id`, `prioritaet`, `aktiv`, `created_at`, `updated_at`) VALUES
(1, 'BAZ-01', 'Bearbeitungszentrum 01 (klein)', 'BAZ', 1, 1, 1, 1, '2025-12-20 09:00:00', NULL),
(2, 'BAZ-02', 'Bearbeitungszentrum 02 (klein)', 'BAZ', 1, 1, 1, 1, '2025-12-20 09:00:00', NULL),
(3, 'BAZ-03', 'Bearbeitungszentrum 03 (klein)', 'BAZ', 1, 1, 1, 1, '2025-12-20 09:00:00', NULL),
(4, 'BAZ-04', 'Bearbeitungszentrum 04 (normal)', 'BAZ', 1, 1, 2, 1, '2025-12-20 09:00:00', NULL),
(5, 'BAZ-05', 'Bearbeitungszentrum 05 (normal)', 'BAZ', 1, 1, 2, 1, '2025-12-20 09:00:00', NULL),
(6, 'BAZ-06', 'Bearbeitungszentrum 06 (normal)', 'BAZ', 1, 1, 2, 1, '2025-12-20 09:00:00', NULL),
(7, 'BAZ-07', 'Bearbeitungszentrum 07 (normal)', 'BAZ', 1, 1, 2, 1, '2025-12-20 09:00:00', NULL),
(8, 'BAZ-08', 'Bearbeitungszentrum 08 (normal)', 'BAZ', 1, 1, 2, 1, '2025-12-20 09:00:00', NULL),
(9, 'BAZ-09', 'Bearbeitungszentrum 09 (normal)', 'BAZ', 1, 1, 2, 1, '2025-12-20 09:00:00', NULL),
(10, 'BAZ-10', 'Bearbeitungszentrum 10 (normal)', 'BAZ', 1, 1, 2, 1, '2025-12-20 09:00:00', NULL),
(11, 'BAZ-11', 'Bearbeitungszentrum 11 (normal)', 'BAZ', 1, 1, 2, 1, '2025-12-20 09:00:00', NULL),
(12, 'BAZ-12', 'Bearbeitungszentrum 12 (groß)', 'BAZ', 1, 1, 3, 1, '2025-12-20 09:00:00', NULL),
(13, 'BAZ-13', 'Bearbeitungszentrum 13 (groß)', 'BAZ', 1, 1, 3, 1, '2025-12-20 09:00:00', NULL),
(14, 'BAZ-14', 'Bearbeitungszentrum 14 (groß)', 'BAZ', 1, 1, 3, 1, '2025-12-20 09:00:00', NULL),
(15, 'BAZ-15', 'Bearbeitungszentrum 15 (groß)', 'BAZ', 1, 1, 3, 1, '2025-12-20 09:00:00', NULL),
(16, 'BAZ-16', 'Bearbeitungszentrum 16 (groß)', 'BAZ', 1, 1, 3, 1, '2025-12-20 09:00:00', NULL),
(17, 'BAZ-17', 'Bearbeitungszentrum 17 (groß)', 'BAZ', 1, 1, 3, 1, '2025-12-20 09:00:00', NULL),
(18, 'BAZ-18', 'Bearbeitungszentrum 18 (groß)', 'BAZ', 1, 1, 3, 1, '2025-12-20 09:00:00', NULL),
(19, 'BAZ-19', 'Bearbeitungszentrum 19 (groß)', 'BAZ', 1, 1, 3, 1, '2025-12-20 09:00:00', NULL),
(20, 'BAZ-20', 'Bearbeitungszentrum 20 (groß)', 'BAZ', 1, 1, 3, 1, '2025-12-20 09:00:00', NULL),
(21, 'ABS-01', 'Absauganlage 01 (Filter/Absaugung)', 'Absaugung', 2, 1, 2, 1, '2025-12-20 09:00:00', NULL),
(22, 'ABS-02', 'Absauganlage 02 (Filter/Absaugung)', 'Absaugung', 2, 1, 2, 1, '2025-12-20 09:00:00', NULL),
(23, 'ABS-03', 'Absauganlage 03 (Filter/Absaugung)', 'Absaugung', 2, 16, 2, 1, '2025-12-20 09:00:00', NULL),
(24, 'ABS-04', 'Absauganlage 04 (Filter/Absaugung)', 'Absaugung', 2, 1, 2, 1, '2025-12-20 09:00:00', NULL),
(25, 'ABS-05', 'Absauganlage 05 (Filter/Absaugung)', 'Absaugung', 2, 1, 2, 1, '2025-12-20 09:00:00', NULL),
(26, 'ABS-06', 'Absauganlage 06 (Filter/Absaugung)', 'Absaugung', 2, 1, 2, 1, '2025-12-20 09:00:00', NULL),
(27, 'KLI-01', 'Klimaanlage / Lüftung 01', 'Klima', 3, 5, 1, 1, '2025-12-20 09:00:00', NULL),
(28, 'KLI-02', 'Klimaanlage / Lüftung 02', 'Klima', 3, 1, 1, 1, '2025-12-20 09:00:00', NULL),
(29, 'KLI-03', 'Klimaanlage / Lüftung 03', 'Klima', 3, 5, 1, 1, '2025-12-20 09:00:00', NULL),
(30, 'KLI-04', 'Klimaanlage / Lüftung 04', 'Klima', 3, 5, 1, 1, '2025-12-20 09:00:00', NULL),
(31, 'HT-HEI-01', 'Heizung (Kessel/Regelung)', 'Heizung', 4, 15, 1, 1, '2025-12-20 09:00:00', NULL),
(32, 'HT-WWB-01', 'Warmwasserbereiter', 'Warmwasser', 4, 15, 1, 1, '2025-12-20 09:00:00', NULL),
(33, 'HT-WRG-01', 'WRG Anlage 01', 'WRG', 4, 15, 1, 1, '2025-12-20 09:00:00', NULL),
(34, 'HT-WRG-02', 'WRG Anlage 02', 'WRG', 4, 15, 1, 1, '2025-12-20 09:00:00', NULL),
(35, 'HT-PUM-01', 'Umwälzpumpe Heizkreis', 'Pumpe', 4, 15, 1, 1, '2025-12-20 09:00:00', NULL),
(36, 'HT-PUM-02', 'Umwälzpumpe Kaltwasser', 'Pumpe', 4, 15, 1, 1, '2025-12-20 09:00:00', NULL),
(37, 'HT-GLT-01', 'Gebäudeleittechnik (GLT)', 'GLT', 4, 15, 1, 1, '2025-12-20 09:00:00', NULL),
(38, 'HT-LUE-01', 'Hallenlüftung Allgemein', 'Lüftung', 4, 15, 1, 1, '2025-12-20 09:00:00', NULL),
(39, 'BRI-01', 'Brikettpresse 01', 'Brikettpresse', 5, 16, 3, 1, '2025-12-20 09:00:00', NULL),
(40, 'BRI-02', 'Brikettpresse 02', 'Brikettpresse', 5, 16, 3, 1, '2025-12-20 09:00:00', NULL),
(41, 'KOM-01', 'Kompressor 01', 'Kompressor', 6, 8, 3, 1, '2025-12-20 09:00:00', NULL),
(42, 'KOM-02', 'Kompressor 02', 'Kompressor', 6, 7, 3, 1, '2025-12-20 09:00:00', NULL),
(43, 'KOM-03', 'Kompressor 03', 'Kompressor', 6, 8, 3, 1, '2025-12-20 09:00:00', NULL),
(44, 'KOM-04', 'Kompressor 04', 'Kompressor', 6, 8, 3, 1, '2025-12-20 09:00:00', NULL),
(45, 'KOM-05', 'Kompressor 05', 'Kompressor', 6, 8, 3, 1, '2025-12-20 09:00:00', NULL),
(46, 'KOM-06', 'Kompressor 06', 'Kompressor', 6, 8, 3, 1, '2025-12-20 09:00:00', NULL),
(47, 'DL-TR-01', 'Drucklufttrockner 01', 'Trockner', 6, 8, 2, 1, '2025-12-20 09:00:00', NULL),
(48, 'DL-TR-02', 'Drucklufttrockner 02', 'Trockner', 6, 8, 2, 1, '2025-12-20 09:00:00', NULL),
(49, 'DL-FI-01', 'Druckluftfilterstation', 'Filter', 6, 8, 2, 1, '2025-12-20 09:00:00', NULL),
(50, 'DL-BE-01', 'Druckluftbehälter / Druckregelung', 'Druckregelung', 6, 7, 2, 1, '2025-12-20 09:00:00', NULL),
(51, 'VE-01', 'VE-Anlage (Wasseraufbereitung)', 'VE-Anlage', 7, 17, 2, 1, '2025-12-20 09:00:00', NULL),
(52, 'KSM-01', 'KSM Befüllanlage (Zentral)', 'Befüllanlage', 8, 17, 2, 1, '2025-12-20 09:00:00', NULL),
(53, 'KSM-02', 'KSM Messanlage (pH/Leitfähigkeit)', 'Messanlage', 8, 17, 2, 1, '2025-12-20 09:00:00', NULL),
(54, 'KSM-03', 'KSM Tank + Förderpumpe', 'Zentralversorgung', 8, 17, 2, 1, '2025-12-20 09:00:00', NULL),
(55, 'KSM-04', 'KSM Filtration / Nebenstromfilter', 'Filtration', 8, 17, 2, 1, '2025-12-20 09:00:00', NULL),
(56, 'FOE-01', 'Späneförderer Linie A', 'Förderer', 9, 1, 1, 1, '2025-12-20 09:00:00', NULL),
(57, 'PUM-01', 'Kühlmittelpumpe (Zentral)', 'Pumpe', 9, 17, 1, 1, '2025-12-20 09:00:00', NULL),
(58, 'KR-01', 'Hallenkran 3,2t', 'Kran', 9, 1, 1, 1, '2025-12-20 09:00:00', NULL),
(59, 'MES-01', 'Messplatz Fertigung (Schnellmessung)', 'Messplatz', 9, 3, 1, 1, '2025-12-20 09:00:00', NULL),
(60, 'MED-01', 'Schutzgasversorgung / Verteiler', 'Medien', 9, 4, 2, 1, '2025-12-20 09:00:00', NULL);

-- ---------------------------------------------------------------------
-- Seeds: core_dokument
-- ---------------------------------------------------------------------
INSERT INTO `core_dokument` (`id`, `modul`, `referenz_typ`, `referenz_id`, `dateiname`, `originalname`, `mime`, `size_bytes`, `sha256`, `hochgeladen_am`, `hochgeladen_von_user_id`) VALUES
(1, 'stoerungstool', 'ticket', 157, 'stoerungstool/tickets/157/20260225_212039_45d54d92d14c9204.jpeg', 'IMG_3032.jpeg', 'image/jpeg', 5499296, 'aa3c80d0d55818e10222b52082009db8b690ed5c375feb634d81fc053966d053', '2026-02-25 21:20:39', 1),
(2, 'stoerungstool', 'ticket', 162, 'stoerungstool/tickets/162/20260228_181826_ae2f2ec0544d471e.png', 'ChatGPT Image 28. Feb. 2026, 16_12_43.png', 'image/png', 1745474, '7b94679a4581dff6c4e05cdddbaa5b8a7e7b8cdf22ad79f7bbecef2c0ce78ef6', '2026-02-28 18:18:26', 1);

-- ---------------------------------------------------------------------
-- Seeds: core_permission
-- ---------------------------------------------------------------------
INSERT INTO `core_permission` (`id`, `user_id`, `modul`, `objekt_typ`, `objekt_id`, `darf_sehen`, `darf_aendern`, `darf_loeschen`, `created_at`) VALUES
(1, 2, 'wartungstool', 'global', NULL, 1, 0, 0, '2026-02-25 04:42:45'),
(2, 2, 'stoerungstool', 'global', NULL, 1, 0, 0, '2026-02-25 04:42:45'),
(3, 3, 'wartungstool', 'global', NULL, 1, 1, 0, '2026-02-25 04:42:45'),
(4, 3, 'stoerungstool', 'global', NULL, 1, 1, 0, '2026-02-25 04:42:45'),
(5, 4, 'wartungstool', 'global', NULL, 1, 1, 0, '2026-02-25 04:42:45'),
(6, 4, 'stoerungstool', 'global', NULL, 1, 1, 0, '2026-02-25 04:42:45'),
(7, 5, 'wartungstool', 'global', NULL, 1, 0, 0, '2026-02-25 04:42:45'),
(8, 5, 'stoerungstool', 'global', NULL, 1, 1, 0, '2026-02-25 04:42:45'),
(9, 6, 'wartungstool', 'global', NULL, 1, 0, 0, '2026-02-25 04:42:45'),
(10, 6, 'stoerungstool', 'global', NULL, 1, 1, 0, '2026-02-25 04:42:45'),
(11, 7, 'stoerungstool', 'global', NULL, 1, 1, 0, '2026-02-25 04:42:45'),
(12, 8, 'stoerungstool', 'global', NULL, 1, 1, 0, '2026-02-25 04:42:45'),
(13, 9, 'wartungstool', 'global', NULL, 1, 0, 0, '2026-02-25 04:42:45'),
(14, 9, 'stoerungstool', 'global', NULL, 1, 0, 0, '2026-02-25 04:42:45'),
(15, 10, 'wartungstool', 'global', NULL, 1, 0, 0, '2026-02-25 04:42:45'),
(16, 10, 'stoerungstool', 'global', NULL, 1, 1, 0, '2026-02-25 04:42:45'),
(19, 1, '*', 'global', NULL, 1, 1, 1, '2026-02-25 04:42:45'),
(20, 1, '*', '*', NULL, 1, 1, 1, '2026-02-28 17:39:19'),
(22, 1, 'wartungstool', 'global', NULL, 1, 1, 1, '2026-02-28 18:41:41');

-- ---------------------------------------------------------------------
-- Seeds: core_runtime_agg_day
-- ---------------------------------------------------------------------
INSERT INTO `core_runtime_agg_day` (`asset_id`, `day`, `run_seconds`, `stop_seconds`, `intervals`, `gaps`, `updated_at`) VALUES
(1, '2026-02-12', 47669, 38731, 57, 3, '2026-02-25 19:38:03'),
(1, '2026-02-13', 12707, 73693, 109, 5, '2026-02-25 19:38:03'),
(1, '2026-02-14', 7472, 78928, 155, 8, '2026-02-25 19:38:03'),
(1, '2026-02-15', 5005, 81395, 150, 10, '2026-02-25 19:38:03'),
(1, '2026-02-16', 14520, 71880, 105, 2, '2026-02-25 19:38:03'),
(1, '2026-02-17', 25936, 60464, 99, 5, '2026-02-25 19:38:03'),
(1, '2026-02-18', 26243, 60157, 154, 1, '2026-02-25 19:38:03'),
(1, '2026-02-19', 15945, 70455, 131, 9, '2026-02-25 19:38:03'),
(1, '2026-02-20', 5775, 80625, 131, 1, '2026-02-25 19:38:03'),
(1, '2026-02-21', 11263, 75137, 137, 5, '2026-02-25 19:38:03'),
(1, '2026-02-22', 26544, 59856, 25, 5, '2026-02-25 19:38:03'),
(1, '2026-02-23', 27373, 59027, 94, 1, '2026-02-25 19:38:03'),
(1, '2026-02-24', 28133, 58267, 123, 10, '2026-02-25 19:38:03'),
(1, '2026-02-25', 5102, 81298, 100, 9, '2026-02-25 19:38:03'),
(2, '2026-02-12', 5028, 81372, 43, 9, '2026-02-25 19:38:03'),
(2, '2026-02-13', 3728, 82672, 114, 4, '2026-02-25 19:38:03'),
(2, '2026-02-14', 30260, 56140, 135, 0, '2026-02-25 19:38:03'),
(2, '2026-02-15', 33248, 53152, 38, 4, '2026-02-25 19:38:03'),
(2, '2026-02-16', 38759, 47641, 34, 5, '2026-02-25 19:38:03'),
(2, '2026-02-17', 41378, 45022, 97, 4, '2026-02-25 19:38:03'),
(2, '2026-02-18', 4475, 81925, 140, 7, '2026-02-25 19:38:03'),
(2, '2026-02-19', 20718, 65682, 58, 7, '2026-02-25 19:38:03'),
(2, '2026-02-20', 36994, 49406, 102, 10, '2026-02-25 19:38:03'),
(2, '2026-02-21', 49443, 36957, 134, 10, '2026-02-25 19:38:03'),
(2, '2026-02-22', 50649, 35751, 146, 7, '2026-02-25 19:38:03'),
(2, '2026-02-23', 10018, 76382, 39, 2, '2026-02-25 19:38:03'),
(2, '2026-02-24', 12928, 73472, 64, 9, '2026-02-25 19:38:03'),
(2, '2026-02-25', 6737, 79663, 57, 4, '2026-02-25 19:38:03'),
(3, '2026-02-12', 42421, 43979, 105, 1, '2026-02-25 19:38:03'),
(3, '2026-02-13', 39183, 47217, 33, 10, '2026-02-25 19:38:03'),
(3, '2026-02-14', 50755, 35645, 106, 10, '2026-02-25 19:38:03'),
(3, '2026-02-15', 18539, 67861, 119, 6, '2026-02-25 19:38:03'),
(3, '2026-02-16', 10403, 75997, 113, 5, '2026-02-25 19:38:03'),
(3, '2026-02-17', 34345, 52055, 153, 9, '2026-02-25 19:38:03'),
(3, '2026-02-18', 16236, 70164, 132, 7, '2026-02-25 19:38:03'),
(3, '2026-02-19', 33066, 53334, 64, 0, '2026-02-25 19:38:03'),
(3, '2026-02-20', 6783, 79617, 107, 1, '2026-02-25 19:38:03'),
(3, '2026-02-21', 9886, 76514, 35, 7, '2026-02-25 19:38:03'),
(3, '2026-02-22', 39649, 46751, 141, 8, '2026-02-25 19:38:03'),
(3, '2026-02-23', 53072, 33328, 68, 5, '2026-02-25 19:38:03'),
(3, '2026-02-24', 30324, 56076, 30, 7, '2026-02-25 19:38:03'),
(3, '2026-02-25', 38933, 47467, 149, 6, '2026-02-25 19:38:03'),
(4, '2026-02-12', 14846, 71554, 55, 2, '2026-02-25 19:38:03'),
(4, '2026-02-13', 22395, 64005, 144, 3, '2026-02-25 19:38:03'),
(4, '2026-02-14', 20241, 66159, 66, 3, '2026-02-25 19:38:03'),
(4, '2026-02-15', 23712, 62688, 24, 5, '2026-02-25 19:38:03'),
(4, '2026-02-16', 42337, 44063, 128, 8, '2026-02-25 19:38:03'),
(4, '2026-02-17', 43916, 42484, 154, 1, '2026-02-25 19:38:03'),
(4, '2026-02-18', 51882, 34518, 104, 2, '2026-02-25 19:38:03'),
(4, '2026-02-19', 36629, 49771, 116, 10, '2026-02-25 19:38:03'),
(4, '2026-02-20', 38996, 47404, 41, 4, '2026-02-25 19:38:03'),
(4, '2026-02-21', 20331, 66069, 120, 2, '2026-02-25 19:38:03'),
(4, '2026-02-22', 5341, 81059, 56, 5, '2026-02-25 19:38:03'),
(4, '2026-02-23', 16514, 69886, 58, 5, '2026-02-25 19:38:03'),
(4, '2026-02-24', 44458, 41942, 118, 4, '2026-02-25 19:38:03'),
(4, '2026-02-25', 21606, 64794, 44, 8, '2026-02-25 19:38:03'),
(5, '2026-02-12', 32958, 53442, 155, 6, '2026-02-25 19:38:03'),
(5, '2026-02-13', 50425, 35975, 92, 6, '2026-02-25 19:38:03'),
(5, '2026-02-14', 24106, 62294, 132, 7, '2026-02-25 19:38:03'),
(5, '2026-02-15', 20281, 66119, 140, 3, '2026-02-25 19:38:03'),
(5, '2026-02-16', 15335, 71065, 156, 3, '2026-02-25 19:38:03'),
(5, '2026-02-17', 40015, 46385, 92, 7, '2026-02-25 19:38:03'),
(5, '2026-02-18', 44326, 42074, 80, 7, '2026-02-25 19:38:03'),
(5, '2026-02-19', 2863, 83537, 125, 5, '2026-02-25 19:38:03'),
(5, '2026-02-20', 53021, 33379, 62, 7, '2026-02-25 19:38:03'),
(5, '2026-02-21', 10633, 75767, 66, 9, '2026-02-25 19:38:03'),
(5, '2026-02-22', 8588, 77812, 116, 2, '2026-02-25 19:38:03'),
(5, '2026-02-23', 2473, 83927, 106, 9, '2026-02-25 19:38:03'),
(5, '2026-02-24', 33271, 53129, 158, 8, '2026-02-25 19:38:03'),
(5, '2026-02-25', 5057, 81343, 95, 1, '2026-02-25 19:38:03'),
(6, '2026-02-12', 20885, 65515, 45, 10, '2026-02-25 19:38:03'),
(6, '2026-02-13', 24570, 61830, 77, 0, '2026-02-25 19:38:03'),
(6, '2026-02-14', 15451, 70949, 118, 1, '2026-02-25 19:38:03'),
(6, '2026-02-15', 25982, 60418, 148, 5, '2026-02-25 19:38:03'),
(6, '2026-02-16', 1747, 84653, 126, 0, '2026-02-25 19:38:03'),
(6, '2026-02-17', 14551, 71849, 135, 5, '2026-02-25 19:38:03'),
(6, '2026-02-18', 54463, 31937, 131, 1, '2026-02-25 19:38:03'),
(6, '2026-02-19', 29446, 56954, 151, 2, '2026-02-25 19:38:03'),
(6, '2026-02-20', 5496, 80904, 61, 4, '2026-02-25 19:38:03'),
(6, '2026-02-21', 55782, 30618, 51, 4, '2026-02-25 19:38:03'),
(6, '2026-02-22', 36342, 50058, 46, 8, '2026-02-25 19:38:03'),
(6, '2026-02-23', 42020, 44380, 143, 5, '2026-02-25 19:38:03'),
(6, '2026-02-24', 9070, 77330, 84, 0, '2026-02-25 19:38:03'),
(6, '2026-02-25', 10620, 75780, 71, 9, '2026-02-25 19:38:03'),
(7, '2026-02-12', 33775, 52625, 81, 2, '2026-02-25 19:38:03'),
(7, '2026-02-13', 35130, 51270, 24, 10, '2026-02-25 19:38:03'),
(7, '2026-02-14', 7265, 79135, 147, 9, '2026-02-25 19:38:03'),
(7, '2026-02-15', 52028, 34372, 137, 1, '2026-02-25 19:38:03'),
(7, '2026-02-16', 15626, 70774, 127, 10, '2026-02-25 19:38:03'),
(7, '2026-02-17', 19736, 66664, 51, 0, '2026-02-25 19:38:03'),
(7, '2026-02-18', 7286, 79114, 93, 3, '2026-02-25 19:38:03'),
(7, '2026-02-19', 47660, 38740, 155, 6, '2026-02-25 19:38:03'),
(7, '2026-02-20', 54720, 31680, 58, 8, '2026-02-25 19:38:03'),
(7, '2026-02-21', 1245, 85155, 85, 3, '2026-02-25 19:38:03'),
(7, '2026-02-22', 29399, 57001, 21, 1, '2026-02-25 19:38:03'),
(7, '2026-02-23', 45617, 40783, 55, 7, '2026-02-25 19:38:03'),
(7, '2026-02-24', 2510, 83890, 93, 7, '2026-02-25 19:38:03'),
(7, '2026-02-25', 21973, 64427, 57, 2, '2026-02-25 19:38:03'),
(8, '2026-02-12', 2905, 83495, 110, 8, '2026-02-25 19:38:03'),
(8, '2026-02-13', 48181, 38219, 105, 2, '2026-02-25 19:38:03'),
(8, '2026-02-14', 15802, 70598, 46, 9, '2026-02-25 19:38:03'),
(8, '2026-02-15', 51676, 34724, 37, 5, '2026-02-25 19:38:03'),
(8, '2026-02-16', 16623, 69777, 24, 5, '2026-02-25 19:38:03'),
(8, '2026-02-17', 41659, 44741, 119, 5, '2026-02-25 19:38:03'),
(8, '2026-02-18', 57234, 29166, 140, 0, '2026-02-25 19:38:03'),
(8, '2026-02-19', 36316, 50084, 25, 6, '2026-02-25 19:38:03'),
(8, '2026-02-20', 35656, 50744, 149, 8, '2026-02-25 19:38:03'),
(8, '2026-02-21', 23632, 62768, 37, 8, '2026-02-25 19:38:03'),
(8, '2026-02-22', 43540, 42860, 41, 8, '2026-02-25 19:38:03'),
(8, '2026-02-23', 37399, 49001, 126, 2, '2026-02-25 19:38:03'),
(8, '2026-02-24', 40292, 46108, 110, 3, '2026-02-25 19:38:03'),
(8, '2026-02-25', 19088, 67312, 129, 0, '2026-02-25 19:38:03'),
(9, '2026-02-12', 26215, 60185, 132, 6, '2026-02-25 19:38:03'),
(9, '2026-02-13', 52385, 34015, 114, 6, '2026-02-25 19:38:03'),
(9, '2026-02-14', 21753, 64647, 89, 1, '2026-02-25 19:38:03'),
(9, '2026-02-15', 56501, 29899, 32, 10, '2026-02-25 19:38:03'),
(9, '2026-02-16', 12524, 73876, 93, 5, '2026-02-25 19:38:03'),
(9, '2026-02-17', 16601, 69799, 29, 10, '2026-02-25 19:38:03'),
(9, '2026-02-18', 26098, 60302, 159, 7, '2026-02-25 19:38:03'),
(9, '2026-02-19', 20682, 65718, 99, 8, '2026-02-25 19:38:03'),
(9, '2026-02-20', 51846, 34554, 71, 0, '2026-02-25 19:38:03'),
(9, '2026-02-21', 19231, 67169, 71, 0, '2026-02-25 19:38:03'),
(9, '2026-02-22', 46926, 39474, 137, 0, '2026-02-25 19:38:03'),
(9, '2026-02-23', 11945, 74455, 54, 1, '2026-02-25 19:38:03'),
(9, '2026-02-24', 30449, 55951, 142, 10, '2026-02-25 19:38:03'),
(9, '2026-02-25', 22187, 64213, 64, 10, '2026-02-25 19:38:03'),
(10, '2026-02-12', 41908, 44492, 34, 1, '2026-02-25 19:38:03'),
(10, '2026-02-13', 40294, 46106, 131, 4, '2026-02-25 19:38:03'),
(10, '2026-02-14', 29303, 57097, 30, 5, '2026-02-25 19:38:03'),
(10, '2026-02-15', 45204, 41196, 133, 5, '2026-02-25 19:38:03'),
(10, '2026-02-16', 39493, 46907, 129, 2, '2026-02-25 19:38:03'),
(10, '2026-02-17', 19375, 67025, 98, 7, '2026-02-25 19:38:03'),
(10, '2026-02-18', 5247, 81153, 103, 10, '2026-02-25 19:38:03'),
(10, '2026-02-19', 19252, 67148, 102, 1, '2026-02-25 19:38:03'),
(10, '2026-02-20', 53892, 32508, 66, 8, '2026-02-25 19:38:03'),
(10, '2026-02-21', 5172, 81228, 130, 9, '2026-02-25 19:38:03'),
(10, '2026-02-22', 52504, 33896, 41, 6, '2026-02-25 19:38:03'),
(10, '2026-02-23', 52251, 34149, 152, 4, '2026-02-25 19:38:03'),
(10, '2026-02-24', 45355, 41045, 147, 5, '2026-02-25 19:38:03'),
(10, '2026-02-25', 22219, 64181, 67, 7, '2026-02-25 19:38:03'),
(11, '2026-02-12', 36809, 49591, 50, 4, '2026-02-25 19:38:03'),
(11, '2026-02-13', 32705, 53695, 152, 6, '2026-02-25 19:38:03'),
(11, '2026-02-14', 7434, 78966, 26, 2, '2026-02-25 19:38:03'),
(11, '2026-02-15', 42569, 43831, 91, 3, '2026-02-25 19:38:03'),
(11, '2026-02-16', 24048, 62352, 121, 5, '2026-02-25 19:38:03'),
(11, '2026-02-17', 37612, 48788, 55, 8, '2026-02-25 19:38:03'),
(11, '2026-02-18', 24380, 62020, 133, 1, '2026-02-25 19:38:03'),
(11, '2026-02-19', 10055, 76345, 135, 5, '2026-02-25 19:38:03'),
(11, '2026-02-20', 25090, 61310, 28, 9, '2026-02-25 19:38:03'),
(11, '2026-02-21', 51020, 35380, 113, 5, '2026-02-25 19:38:03'),
(11, '2026-02-22', 8272, 78128, 37, 3, '2026-02-25 19:38:03'),
(11, '2026-02-23', 9357, 77043, 132, 0, '2026-02-25 19:38:03'),
(11, '2026-02-24', 33625, 52775, 60, 0, '2026-02-25 19:38:03'),
(11, '2026-02-25', 43986, 42414, 123, 5, '2026-02-25 19:38:03'),
(12, '2026-02-12', 23651, 62749, 114, 7, '2026-02-25 19:38:03'),
(12, '2026-02-13', 51797, 34603, 146, 0, '2026-02-25 19:38:03'),
(12, '2026-02-14', 51908, 34492, 55, 3, '2026-02-25 19:38:03'),
(12, '2026-02-15', 14695, 71705, 51, 3, '2026-02-25 19:38:03'),
(12, '2026-02-16', 11409, 74991, 112, 8, '2026-02-25 19:38:03'),
(12, '2026-02-17', 55794, 30606, 60, 10, '2026-02-25 19:38:03'),
(12, '2026-02-18', 35531, 50869, 94, 4, '2026-02-25 19:38:03'),
(12, '2026-02-19', 22768, 63632, 36, 8, '2026-02-25 19:38:03'),
(12, '2026-02-20', 53117, 33283, 101, 10, '2026-02-25 19:38:03'),
(12, '2026-02-21', 11315, 75085, 133, 1, '2026-02-25 19:38:03'),
(12, '2026-02-22', 55890, 30510, 38, 7, '2026-02-25 19:38:03'),
(12, '2026-02-23', 13118, 73282, 51, 2, '2026-02-25 19:38:03'),
(12, '2026-02-24', 14062, 72338, 93, 7, '2026-02-25 19:38:03'),
(12, '2026-02-25', 50788, 35612, 86, 7, '2026-02-25 19:38:03'),
(13, '2026-02-12', 55439, 30961, 40, 4, '2026-02-25 19:38:04'),
(13, '2026-02-13', 22676, 63724, 152, 4, '2026-02-25 19:38:03'),
(13, '2026-02-14', 10614, 75786, 102, 3, '2026-02-25 19:38:03'),
(13, '2026-02-15', 10028, 76372, 97, 2, '2026-02-25 19:38:03'),
(13, '2026-02-16', 54486, 31914, 51, 8, '2026-02-25 19:38:03'),
(13, '2026-02-17', 28352, 58048, 148, 0, '2026-02-25 19:38:03'),
(13, '2026-02-18', 8410, 77990, 66, 2, '2026-02-25 19:38:03'),
(13, '2026-02-19', 30528, 55872, 152, 5, '2026-02-25 19:38:03'),
(13, '2026-02-20', 42096, 44304, 38, 7, '2026-02-25 19:38:03'),
(13, '2026-02-21', 4833, 81567, 52, 5, '2026-02-25 19:38:03'),
(13, '2026-02-22', 26921, 59479, 124, 9, '2026-02-25 19:38:03'),
(13, '2026-02-23', 26093, 60307, 142, 8, '2026-02-25 19:38:03'),
(13, '2026-02-24', 5650, 80750, 36, 4, '2026-02-25 19:38:03'),
(13, '2026-02-25', 52668, 33732, 53, 9, '2026-02-25 19:38:03'),
(14, '2026-02-12', 29723, 56677, 38, 0, '2026-02-25 19:38:04'),
(14, '2026-02-13', 16048, 70352, 123, 4, '2026-02-25 19:38:04'),
(14, '2026-02-14', 42068, 44332, 97, 7, '2026-02-25 19:38:04'),
(14, '2026-02-15', 41101, 45299, 159, 4, '2026-02-25 19:38:04'),
(14, '2026-02-16', 41876, 44524, 27, 7, '2026-02-25 19:38:04'),
(14, '2026-02-17', 13815, 72585, 126, 9, '2026-02-25 19:38:04'),
(14, '2026-02-18', 2979, 83421, 87, 10, '2026-02-25 19:38:04'),
(14, '2026-02-19', 2699, 83701, 27, 1, '2026-02-25 19:38:04'),
(14, '2026-02-20', 43170, 43230, 106, 9, '2026-02-25 19:38:04'),
(14, '2026-02-21', 38053, 48347, 59, 2, '2026-02-25 19:38:04'),
(14, '2026-02-22', 42007, 44393, 63, 9, '2026-02-25 19:38:04'),
(14, '2026-02-23', 34962, 51438, 43, 8, '2026-02-25 19:38:04'),
(14, '2026-02-24', 40961, 45439, 97, 9, '2026-02-25 19:38:04'),
(14, '2026-02-25', 12864, 73536, 90, 2, '2026-02-25 19:38:04'),
(15, '2026-02-12', 50011, 36389, 60, 7, '2026-02-25 19:38:04'),
(15, '2026-02-13', 47259, 39141, 100, 3, '2026-02-25 19:38:04'),
(15, '2026-02-14', 53312, 33088, 103, 9, '2026-02-25 19:38:04'),
(15, '2026-02-15', 27402, 58998, 83, 2, '2026-02-25 19:38:04'),
(15, '2026-02-16', 19019, 67381, 118, 9, '2026-02-25 19:38:04'),
(15, '2026-02-17', 9232, 77168, 44, 0, '2026-02-25 19:38:04'),
(15, '2026-02-18', 17529, 68871, 135, 3, '2026-02-25 19:38:04'),
(15, '2026-02-19', 15842, 70558, 139, 1, '2026-02-25 19:38:04'),
(15, '2026-02-20', 33749, 52651, 47, 5, '2026-02-25 19:38:04'),
(15, '2026-02-21', 26130, 60270, 53, 5, '2026-02-25 19:38:04'),
(15, '2026-02-22', 56458, 29942, 101, 5, '2026-02-25 19:38:04'),
(15, '2026-02-23', 22294, 64106, 56, 5, '2026-02-25 19:38:04'),
(15, '2026-02-24', 31735, 54665, 138, 3, '2026-02-25 19:38:04'),
(15, '2026-02-25', 10359, 76041, 132, 6, '2026-02-25 19:38:04'),
(16, '2026-02-12', 25319, 61081, 149, 7, '2026-02-25 19:38:04'),
(16, '2026-02-13', 36256, 50144, 93, 1, '2026-02-25 19:38:04'),
(16, '2026-02-14', 3352, 83048, 69, 5, '2026-02-25 19:38:04'),
(16, '2026-02-15', 23982, 62418, 31, 6, '2026-02-25 19:38:04'),
(16, '2026-02-16', 47677, 38723, 113, 6, '2026-02-25 19:38:04'),
(16, '2026-02-17', 28241, 58159, 54, 4, '2026-02-25 19:38:04'),
(16, '2026-02-18', 35172, 51228, 22, 1, '2026-02-25 19:38:04'),
(16, '2026-02-19', 39158, 47242, 140, 4, '2026-02-25 19:38:04'),
(16, '2026-02-20', 3312, 83088, 92, 7, '2026-02-25 19:38:04'),
(16, '2026-02-21', 38230, 48170, 110, 0, '2026-02-25 19:38:04'),
(16, '2026-02-22', 29965, 56435, 81, 3, '2026-02-25 19:38:04'),
(16, '2026-02-23', 5901, 80499, 120, 8, '2026-02-25 19:38:04'),
(16, '2026-02-24', 20220, 66180, 147, 0, '2026-02-25 19:38:04'),
(16, '2026-02-25', 33733, 52667, 139, 7, '2026-02-25 19:38:04'),
(17, '2026-02-12', 22044, 64356, 149, 8, '2026-02-25 19:38:04'),
(17, '2026-02-13', 25752, 60648, 96, 9, '2026-02-25 19:38:04'),
(17, '2026-02-14', 40178, 46222, 101, 2, '2026-02-25 19:38:04'),
(17, '2026-02-15', 33784, 52616, 55, 5, '2026-02-25 19:38:04'),
(17, '2026-02-16', 29949, 56451, 58, 9, '2026-02-25 19:38:04'),
(17, '2026-02-17', 52688, 33712, 141, 8, '2026-02-25 19:38:04'),
(17, '2026-02-18', 2550, 83850, 55, 5, '2026-02-25 19:38:04'),
(17, '2026-02-19', 32773, 53627, 30, 0, '2026-02-25 19:38:04'),
(17, '2026-02-20', 39483, 46917, 150, 6, '2026-02-25 19:38:04'),
(17, '2026-02-21', 23960, 62440, 56, 3, '2026-02-25 19:38:04'),
(17, '2026-02-22', 52094, 34306, 106, 8, '2026-02-25 19:38:04'),
(17, '2026-02-23', 6336, 80064, 120, 5, '2026-02-25 19:38:04'),
(17, '2026-02-24', 54087, 32313, 50, 2, '2026-02-25 19:38:04'),
(17, '2026-02-25', 50095, 36305, 160, 4, '2026-02-25 19:38:04'),
(18, '2026-02-12', 45252, 41148, 72, 6, '2026-02-25 19:38:04'),
(18, '2026-02-13', 27445, 58955, 58, 6, '2026-02-25 19:38:04'),
(18, '2026-02-14', 1241, 85159, 132, 5, '2026-02-25 19:38:04'),
(18, '2026-02-15', 37523, 48877, 48, 3, '2026-02-25 19:38:04'),
(18, '2026-02-16', 53848, 32552, 82, 0, '2026-02-25 19:38:04'),
(18, '2026-02-17', 34356, 52044, 117, 2, '2026-02-25 19:38:04'),
(18, '2026-02-18', 38241, 48159, 142, 2, '2026-02-25 19:38:04'),
(18, '2026-02-19', 51308, 35092, 78, 0, '2026-02-25 19:38:04'),
(18, '2026-02-20', 31102, 55298, 87, 10, '2026-02-25 19:38:04'),
(18, '2026-02-21', 20163, 66237, 26, 9, '2026-02-25 19:38:04'),
(18, '2026-02-22', 7183, 79217, 126, 9, '2026-02-25 19:38:04'),
(18, '2026-02-23', 24140, 62260, 104, 10, '2026-02-25 19:38:04'),
(18, '2026-02-24', 19647, 66753, 141, 0, '2026-02-25 19:38:04'),
(18, '2026-02-25', 34887, 51513, 145, 9, '2026-02-25 19:38:04'),
(19, '2026-02-12', 7987, 78413, 159, 6, '2026-02-25 19:38:04'),
(19, '2026-02-13', 52127, 34273, 90, 4, '2026-02-25 19:38:04'),
(19, '2026-02-14', 31444, 54956, 109, 8, '2026-02-25 19:38:04'),
(19, '2026-02-15', 45235, 41165, 145, 5, '2026-02-25 19:38:04'),
(19, '2026-02-16', 19504, 66896, 93, 3, '2026-02-25 19:38:04'),
(19, '2026-02-17', 18284, 68116, 96, 3, '2026-02-25 19:38:04'),
(19, '2026-02-18', 31731, 54669, 69, 3, '2026-02-25 19:38:04'),
(19, '2026-02-19', 23218, 63182, 87, 9, '2026-02-25 19:38:04'),
(19, '2026-02-20', 34939, 51461, 107, 8, '2026-02-25 19:38:04'),
(19, '2026-02-21', 20562, 65838, 64, 7, '2026-02-25 19:38:04'),
(19, '2026-02-22', 31350, 55050, 154, 6, '2026-02-25 19:38:04'),
(19, '2026-02-23', 13588, 72812, 103, 10, '2026-02-25 19:38:04'),
(19, '2026-02-24', 46253, 40147, 55, 8, '2026-02-25 19:38:04'),
(19, '2026-02-25', 32887, 53513, 140, 0, '2026-02-25 19:38:04'),
(20, '2026-02-12', 42787, 43613, 141, 7, '2026-02-25 19:38:04'),
(20, '2026-02-13', 36067, 50333, 60, 6, '2026-02-25 19:38:04'),
(20, '2026-02-14', 44642, 41758, 55, 0, '2026-02-25 19:38:04'),
(20, '2026-02-15', 47012, 39388, 140, 1, '2026-02-25 19:38:04'),
(20, '2026-02-16', 6566, 79834, 125, 5, '2026-02-25 19:38:04'),
(20, '2026-02-17', 41808, 44592, 79, 0, '2026-02-25 19:38:04'),
(20, '2026-02-18', 3326, 83074, 155, 3, '2026-02-25 19:38:04'),
(20, '2026-02-19', 7158, 79242, 81, 3, '2026-02-25 19:38:04'),
(20, '2026-02-20', 17768, 68632, 89, 2, '2026-02-25 19:38:04'),
(20, '2026-02-21', 14023, 72377, 71, 8, '2026-02-25 19:38:04'),
(20, '2026-02-22', 28991, 57409, 85, 7, '2026-02-25 19:38:04'),
(20, '2026-02-23', 46801, 39599, 40, 5, '2026-02-25 19:38:04'),
(20, '2026-02-24', 19035, 67365, 30, 4, '2026-02-25 19:38:04'),
(20, '2026-02-25', 25856, 60544, 108, 2, '2026-02-25 19:38:04'),
(39, '2026-02-12', 17880, 68520, 69, 1, '2026-02-25 19:38:04'),
(39, '2026-02-13', 8794, 77606, 149, 7, '2026-02-25 19:38:04'),
(39, '2026-02-14', 35605, 50795, 154, 7, '2026-02-25 19:38:04'),
(39, '2026-02-15', 18649, 67751, 136, 10, '2026-02-25 19:38:04'),
(39, '2026-02-16', 39503, 46897, 47, 5, '2026-02-25 19:38:04'),
(39, '2026-02-17', 607, 85793, 96, 9, '2026-02-25 19:38:04'),
(39, '2026-02-18', 12210, 74190, 94, 0, '2026-02-25 19:38:04'),
(39, '2026-02-19', 54801, 31599, 121, 7, '2026-02-25 19:38:04'),
(39, '2026-02-20', 27386, 59014, 65, 0, '2026-02-25 19:38:04'),
(39, '2026-02-21', 48410, 37990, 29, 2, '2026-02-25 19:38:04'),
(39, '2026-02-22', 37626, 48774, 79, 8, '2026-02-25 19:38:04'),
(39, '2026-02-23', 3877, 82523, 42, 10, '2026-02-25 19:38:04'),
(39, '2026-02-24', 21048, 65352, 93, 10, '2026-02-25 19:38:04'),
(39, '2026-02-25', 42633, 43767, 71, 4, '2026-02-25 19:38:04'),
(40, '2026-02-12', 4071, 82329, 50, 7, '2026-02-25 19:38:04'),
(40, '2026-02-13', 42839, 43561, 112, 3, '2026-02-25 19:38:04'),
(40, '2026-02-14', 19788, 66612, 22, 4, '2026-02-25 19:38:04'),
(40, '2026-02-15', 49398, 37002, 88, 5, '2026-02-25 19:38:04'),
(40, '2026-02-16', 25137, 61263, 80, 7, '2026-02-25 19:38:04'),
(40, '2026-02-17', 16256, 70144, 21, 4, '2026-02-25 19:38:04'),
(40, '2026-02-18', 9215, 77185, 142, 5, '2026-02-25 19:38:04'),
(40, '2026-02-19', 26269, 60131, 44, 2, '2026-02-25 19:38:04'),
(40, '2026-02-20', 33769, 52631, 103, 1, '2026-02-25 19:38:04'),
(40, '2026-02-21', 40039, 46361, 123, 6, '2026-02-25 19:38:04'),
(40, '2026-02-22', 37210, 49190, 69, 2, '2026-02-25 19:38:04'),
(40, '2026-02-23', 923, 85477, 106, 4, '2026-02-25 19:38:04'),
(40, '2026-02-24', 42486, 43914, 85, 2, '2026-02-25 19:38:04'),
(40, '2026-02-25', 21671, 64729, 61, 7, '2026-02-25 19:38:04'),
(41, '2026-02-12', 54314, 32086, 160, 8, '2026-02-25 19:38:04'),
(41, '2026-02-13', 5118, 81282, 48, 0, '2026-02-25 19:38:04'),
(41, '2026-02-14', 29278, 57122, 155, 5, '2026-02-25 19:38:04'),
(41, '2026-02-15', 44586, 41814, 40, 8, '2026-02-25 19:38:04'),
(41, '2026-02-16', 54106, 32294, 75, 3, '2026-02-25 19:38:04'),
(41, '2026-02-17', 49633, 36767, 157, 10, '2026-02-25 19:38:04'),
(41, '2026-02-18', 46002, 40398, 160, 7, '2026-02-25 19:38:04'),
(41, '2026-02-19', 49003, 37397, 115, 6, '2026-02-25 19:38:04'),
(41, '2026-02-20', 31338, 55062, 59, 7, '2026-02-25 19:38:04'),
(41, '2026-02-21', 14473, 71927, 76, 2, '2026-02-25 19:38:04'),
(41, '2026-02-22', 19335, 67065, 114, 9, '2026-02-25 19:38:04'),
(41, '2026-02-23', 45238, 41162, 50, 10, '2026-02-25 19:38:04'),
(41, '2026-02-24', 44962, 41438, 148, 4, '2026-02-25 19:38:04'),
(41, '2026-02-25', 20106, 66294, 60, 6, '2026-02-25 19:38:04'),
(42, '2026-02-12', 3948, 82452, 37, 7, '2026-02-25 19:38:04'),
(42, '2026-02-13', 22579, 63821, 36, 8, '2026-02-25 19:38:04'),
(42, '2026-02-14', 4786, 81614, 31, 6, '2026-02-25 19:38:04'),
(42, '2026-02-15', 48877, 37523, 75, 9, '2026-02-25 19:38:04'),
(42, '2026-02-16', 25948, 60452, 85, 0, '2026-02-25 19:38:04'),
(42, '2026-02-17', 52882, 33518, 98, 0, '2026-02-25 19:38:04'),
(42, '2026-02-18', 3783, 82617, 138, 10, '2026-02-25 19:38:04'),
(42, '2026-02-19', 27225, 59175, 136, 9, '2026-02-25 19:38:04'),
(42, '2026-02-20', 29716, 56684, 53, 8, '2026-02-25 19:38:04'),
(42, '2026-02-21', 33447, 52953, 134, 0, '2026-02-25 19:38:04'),
(42, '2026-02-22', 13461, 72939, 145, 1, '2026-02-25 19:38:04'),
(42, '2026-02-23', 28956, 57444, 49, 10, '2026-02-25 19:38:04'),
(42, '2026-02-24', 10783, 75617, 103, 8, '2026-02-25 19:38:04'),
(42, '2026-02-25', 13248, 73152, 157, 2, '2026-02-25 19:38:04'),
(43, '2026-02-12', 16220, 70180, 137, 5, '2026-02-25 19:38:04'),
(43, '2026-02-13', 34860, 51540, 117, 3, '2026-02-25 19:38:04'),
(43, '2026-02-14', 47126, 39274, 159, 6, '2026-02-25 19:38:04'),
(43, '2026-02-15', 19553, 66847, 138, 10, '2026-02-25 19:38:04'),
(43, '2026-02-16', 54710, 31690, 20, 0, '2026-02-25 19:38:04'),
(43, '2026-02-17', 34658, 51742, 52, 3, '2026-02-25 19:38:04'),
(43, '2026-02-18', 11696, 74704, 157, 6, '2026-02-25 19:38:04'),
(43, '2026-02-19', 42830, 43570, 109, 1, '2026-02-25 19:38:04'),
(43, '2026-02-20', 43371, 43029, 158, 2, '2026-02-25 19:38:04'),
(43, '2026-02-21', 24618, 61782, 40, 10, '2026-02-25 19:38:04'),
(43, '2026-02-22', 25066, 61334, 134, 6, '2026-02-25 19:38:04'),
(43, '2026-02-23', 47794, 38606, 127, 5, '2026-02-25 19:38:04'),
(43, '2026-02-24', 11795, 74605, 54, 10, '2026-02-25 19:38:04'),
(43, '2026-02-25', 2079, 84321, 93, 6, '2026-02-25 19:38:04'),
(44, '2026-02-12', 19776, 66624, 56, 10, '2026-02-25 19:38:04'),
(44, '2026-02-13', 39185, 47215, 102, 3, '2026-02-25 19:38:04'),
(44, '2026-02-14', 53463, 32937, 101, 9, '2026-02-25 19:38:04'),
(44, '2026-02-15', 33023, 53377, 94, 3, '2026-02-25 19:38:04'),
(44, '2026-02-16', 14238, 72162, 34, 2, '2026-02-25 19:38:04'),
(44, '2026-02-17', 28767, 57633, 79, 8, '2026-02-25 19:38:04'),
(44, '2026-02-18', 48532, 37868, 31, 6, '2026-02-25 19:38:04'),
(44, '2026-02-19', 39176, 47224, 32, 3, '2026-02-25 19:38:04'),
(44, '2026-02-20', 38924, 47476, 28, 7, '2026-02-25 19:38:04'),
(44, '2026-02-21', 13505, 72895, 37, 1, '2026-02-25 19:38:04'),
(44, '2026-02-22', 50204, 36196, 24, 3, '2026-02-25 19:38:04'),
(44, '2026-02-23', 53049, 33351, 127, 9, '2026-02-25 19:38:04'),
(44, '2026-02-24', 57357, 29043, 48, 0, '2026-02-25 19:38:04'),
(44, '2026-02-25', 10166, 76234, 90, 3, '2026-02-25 19:38:04'),
(45, '2026-02-12', 25455, 60945, 82, 4, '2026-02-25 19:38:04'),
(45, '2026-02-13', 36522, 49878, 155, 2, '2026-02-25 19:38:04'),
(45, '2026-02-14', 3776, 82624, 125, 6, '2026-02-25 19:38:04'),
(45, '2026-02-15', 56199, 30201, 56, 7, '2026-02-25 19:38:04'),
(45, '2026-02-16', 15792, 70608, 77, 4, '2026-02-25 19:38:04'),
(45, '2026-02-17', 12050, 74350, 157, 7, '2026-02-25 19:38:04'),
(45, '2026-02-18', 9779, 76621, 96, 6, '2026-02-25 19:38:04'),
(45, '2026-02-19', 20888, 65512, 126, 6, '2026-02-25 19:38:04'),
(45, '2026-02-20', 42160, 44240, 117, 8, '2026-02-25 19:38:04'),
(45, '2026-02-21', 32481, 53919, 32, 5, '2026-02-25 19:38:04'),
(45, '2026-02-22', 44482, 41918, 129, 8, '2026-02-25 19:38:04'),
(45, '2026-02-23', 36485, 49915, 64, 10, '2026-02-25 19:38:04'),
(45, '2026-02-24', 19693, 66707, 90, 0, '2026-02-25 19:38:04'),
(45, '2026-02-25', 34160, 52240, 76, 6, '2026-02-25 19:38:04'),
(46, '2026-02-12', 17141, 69259, 112, 8, '2026-02-25 19:38:04'),
(46, '2026-02-13', 42514, 43886, 111, 4, '2026-02-25 19:38:04'),
(46, '2026-02-14', 24947, 61453, 139, 8, '2026-02-25 19:38:04'),
(46, '2026-02-15', 15684, 70716, 102, 4, '2026-02-25 19:38:04'),
(46, '2026-02-16', 15898, 70502, 72, 6, '2026-02-25 19:38:04'),
(46, '2026-02-17', 48593, 37807, 50, 7, '2026-02-25 19:38:04'),
(46, '2026-02-18', 1004, 85396, 74, 3, '2026-02-25 19:38:04'),
(46, '2026-02-19', 13689, 72711, 105, 4, '2026-02-25 19:38:04'),
(46, '2026-02-20', 12331, 74069, 75, 7, '2026-02-25 19:38:04'),
(46, '2026-02-21', 44149, 42251, 30, 1, '2026-02-25 19:38:04'),
(46, '2026-02-22', 3377, 83023, 88, 6, '2026-02-25 19:38:04'),
(46, '2026-02-23', 6059, 80341, 157, 3, '2026-02-25 19:38:04'),
(46, '2026-02-24', 5181, 81219, 135, 5, '2026-02-25 19:38:04'),
(46, '2026-02-25', 13325, 73075, 104, 10, '2026-02-25 19:38:04');

-- ---------------------------------------------------------------------
-- Seeds: core_runtime_counter
-- ---------------------------------------------------------------------
INSERT INTO `core_runtime_counter` (`asset_id`, `productive_hours`, `last_ts`, `last_state`, `updated_at`) VALUES
(1, 7249.22, '2026-02-25 23:50:00', 1, '2026-02-25 19:38:03'),
(2, 5553.84, '2026-02-25 23:50:00', 1, '2026-02-25 19:38:03'),
(3, 1370.31, '2026-02-25 23:50:00', 0, '2026-02-25 19:38:03'),
(4, 10262.95, '2026-02-25 23:50:00', 0, '2026-02-25 19:38:03'),
(5, 5274.83, '2026-02-25 23:50:00', 0, '2026-02-25 19:38:03'),
(6, 5083, '2026-02-25 23:50:00', 1, '2026-02-25 19:38:03'),
(7, 4905.02, '2026-02-25 23:50:00', 0, '2026-02-25 19:38:03'),
(8, 3888.07, '2026-02-25 23:50:00', 1, '2026-02-25 19:38:03'),
(9, 8048.27, '2026-02-25 23:50:00', 1, '2026-02-25 19:38:03'),
(10, 11452.39, '2026-02-25 23:50:00', 1, '2026-02-25 19:38:03'),
(11, 992.17, '2026-02-25 23:50:00', 0, '2026-02-25 19:38:03'),
(12, 1300.12, '2026-02-25 23:50:00', 0, '2026-02-25 19:38:03'),
(13, 8986.15, '2026-02-25 23:50:00', 1, '2026-02-25 19:38:03'),
(14, 9778.88, '2026-02-25 23:50:00', 0, '2026-02-25 19:38:03'),
(15, 7120.29, '2026-02-25 23:50:00', 1, '2026-02-25 19:38:03'),
(16, 8106.16, '2026-02-25 23:50:00', 1, '2026-02-25 19:38:03'),
(17, 4372.46, '2026-02-25 23:50:00', 1, '2026-02-25 19:38:03'),
(18, 10443.49, '2026-02-25 23:50:00', 0, '2026-02-25 19:38:03'),
(19, 11627.1, '2026-02-25 23:50:00', 1, '2026-02-25 19:38:03'),
(20, 4349.42, '2026-02-25 23:50:00', 0, '2026-02-25 19:38:03'),
(21, 429.09, '2026-02-25 23:50:00', 1, '2026-02-25 19:38:03'),
(22, 599.4, '2026-02-25 23:50:00', 0, '2026-02-25 19:38:03'),
(23, 907.78, '2026-02-25 23:50:00', 1, '2026-02-25 19:38:03'),
(24, 331.47, '2026-02-25 23:50:00', 1, '2026-02-25 19:38:03'),
(25, 1456.55, '2026-02-25 23:50:00', 1, '2026-02-25 19:38:03'),
(26, 2120.63, '2026-02-25 23:50:00', 0, '2026-02-25 19:38:03'),
(27, 1542.04, '2026-02-25 23:50:00', 1, '2026-02-25 19:38:03'),
(28, 120.94, '2026-02-25 23:50:00', 1, '2026-02-25 19:38:03'),
(29, 1771.61, '2026-02-25 23:50:00', 1, '2026-02-25 19:38:03'),
(30, 2307.77, '2026-02-25 23:50:00', 1, '2026-02-25 19:38:03'),
(31, 64.96, '2026-02-25 23:50:00', 0, '2026-02-25 19:38:03'),
(32, 1437.49, '2026-02-25 23:50:00', 1, '2026-02-25 19:38:03'),
(33, 220.48, '2026-02-25 23:50:00', 0, '2026-02-25 19:38:03'),
(34, 274.81, '2026-02-25 23:50:00', 0, '2026-02-25 19:38:03'),
(35, 971.68, '2026-02-25 23:50:00', 1, '2026-02-25 19:38:03'),
(36, 885.2, '2026-02-25 23:50:00', 1, '2026-02-25 19:38:03'),
(37, 813.51, '2026-02-25 23:50:00', 1, '2026-02-25 19:38:03'),
(38, 1953.25, '2026-02-25 23:50:00', 0, '2026-02-25 19:38:03'),
(39, 10623.44, '2026-02-25 23:50:00', 0, '2026-02-25 19:38:03'),
(40, 2057.44, '2026-02-25 23:50:00', 0, '2026-02-25 19:38:03'),
(41, 8152.83, '2026-02-25 23:50:00', 1, '2026-02-25 19:38:03'),
(42, 5428.73, '2026-02-25 23:50:00', 1, '2026-02-25 19:38:03'),
(43, 5930.81, '2026-02-25 23:50:00', 1, '2026-02-25 19:38:03'),
(44, 5087.37, '2026-02-25 23:50:00', 0, '2026-02-25 19:38:03'),
(45, 9108.33, '2026-02-25 23:50:00', 0, '2026-02-25 19:38:03'),
(46, 4273.04, '2026-02-25 23:50:00', 0, '2026-02-25 19:38:03'),
(47, 743.95, '2026-02-25 23:50:00', 1, '2026-02-25 19:38:03'),
(48, 1340.99, '2026-02-25 23:50:00', 1, '2026-02-25 19:38:03'),
(49, 161.27, '2026-02-25 23:50:00', 1, '2026-02-25 19:38:03'),
(50, 2461.89, '2026-02-25 23:50:00', 0, '2026-02-25 19:38:03'),
(51, 68.83, '2026-02-25 23:50:00', 1, '2026-02-25 19:38:03'),
(52, 2366.04, '2026-02-25 23:50:00', 0, '2026-02-25 19:38:03'),
(53, 1922.19, '2026-02-25 23:50:00', 1, '2026-02-25 19:38:03'),
(54, 853.9, '2026-02-25 23:50:00', 0, '2026-02-25 19:38:03'),
(55, 1268.59, '2026-02-25 23:50:00', 1, '2026-02-25 19:38:03'),
(56, 480.45, '2026-02-25 23:50:00', 1, '2026-02-25 19:38:03'),
(57, 1354.83, '2026-02-25 23:50:00', 0, '2026-02-25 19:38:03'),
(58, 1275.64, '2026-02-25 23:50:00', 1, '2026-02-25 19:38:03'),
(59, 226.58, '2026-02-25 23:50:00', 0, '2026-02-25 19:38:03'),
(60, 1118.74, '2026-02-25 23:50:00', 1, '2026-02-25 19:38:03');

-- ---------------------------------------------------------------------
-- Seeds: stoerungstool_ticket
-- ---------------------------------------------------------------------
INSERT INTO `stoerungstool_ticket` (`id`, `asset_id`, `titel`, `beschreibung`, `kategorie`, `meldungstyp`, `fachkategorie`, `maschinenstillstand`, `ausfallzeitpunkt`, `prioritaet`, `status`, `gemeldet_von`, `kontakt`, `anonym`, `assigned_user_id`, `created_at`, `updated_at`, `first_response_at`, `closed_at`) VALUES
(1, 53, 'KSM Messanlage: Messwert driftet / Kalibrierung nötig', 'Anlage wurde neu gestartet, Fehler kommt wieder.\n\nAsset: KSM Messanlage (pH/Leitfähigkeit) (KSM-02)', 'Elektrik', 'Störmeldung', 'Qualität', 0, NULL, 3, 'geschlossen', 'Produktion', 'Telefon intern', 0, 9, '2025-12-26 17:40:00', '2026-02-25 20:05:52', '2025-12-26 18:04:00', '2026-01-02 19:14:00'),
(2, 13, 'BAZ-13: Druckluftverlust – Zischen hörbar', 'Betrieb aktuell möglich, aber Grenzbereich erreicht.\n\nAsset: Bearbeitungszentrum 13 (groß) (BAZ-13)', 'Kälte', 'Mängelkarte', 'Sicherheit', 1, '2025-12-26 12:03:00', 2, 'geschlossen', 'Produktion', 'E-Mail', 0, NULL, '2025-12-26 13:40:00', '2026-02-25 20:05:52', '2025-12-26 13:45:00', '2025-12-28 19:23:00'),
(3, 20, 'BAZ-20: Vibrationen / Geräuschentwicklung', 'Problem tritt sporadisch auf, inzwischen mehrfach diese Woche.\n\nAsset: Bearbeitungszentrum 20 (groß) (BAZ-20)', 'Mechanik', 'Störmeldung', 'Mechanik', 0, NULL, 3, 'geschlossen', 'Produktion', 'Telefon intern', 0, NULL, '2025-12-26 13:00:00', '2026-02-25 20:05:52', '2025-12-26 14:13:00', '2025-12-30 18:15:00'),
(4, 42, 'Kompressor 02: Öltemperatur zu hoch', 'Problem tritt sporadisch auf, inzwischen mehrfach diese Woche.\n\nAsset: Kompressor 02 (KOM-02)', 'Elektrik', 'Störmeldung', 'Mechanik', 0, NULL, 2, 'geschlossen', 'Produktion', 'Teams', 0, 2, '2025-12-27 16:50:00', '2026-02-25 20:05:52', '2025-12-27 17:23:00', '2025-12-30 19:11:00'),
(5, 7, 'BAZ-07: Kühlmittelstand fällt ab / Leckage', 'Betrieb aktuell möglich, aber Grenzbereich erreicht.\n\nAsset: Bearbeitungszentrum 07 (normal) (BAZ-07)', 'Kälte', 'Logeintrag', 'Mechanik', 1, '2025-12-27 10:39:00', 3, 'geschlossen', 'Schichtleitung', NULL, 0, 4, '2025-12-27 11:00:00', '2026-02-25 20:05:52', '2025-12-27 11:29:00', '2026-01-02 09:23:00'),
(6, 7, 'BAZ-07: Kühlmittelstand fällt ab / Leckage', 'Störung bei Programmstart / Referenzfahrt.\n\nAsset: Bearbeitungszentrum 07 (normal) (BAZ-07)', 'Sonstiges', 'Störmeldung', 'Mechanik', 1, '2025-12-27 16:12:00', 2, 'bestellt', 'Schichtleitung', 'Teams', 0, 2, '2025-12-27 17:00:00', '2026-02-25 20:05:52', '2025-12-27 18:02:00', NULL),
(7, 7, 'BAZ-07: Kühlmittelstand fällt ab / Leckage', 'Möglicherweise Ersatzteil erforderlich.\n\nAsset: Bearbeitungszentrum 07 (normal) (BAZ-07)', 'Sonstiges', 'Störmeldung', 'Mechanik', 1, '2025-12-28 06:02:00', 1, 'geschlossen', 'Schichtleitung', 'Teams', 0, NULL, '2025-12-28 07:30:00', '2026-02-25 20:05:52', '2025-12-28 08:37:00', '2026-01-02 14:01:00'),
(8, 55, 'KSM-04: Ölstand prüfen / Leckage am Aggregat', 'Möglicherweise Ersatzteil erforderlich.\n\nAsset: KSM Filtration / Nebenstromfilter (KSM-04)', 'Sicherheit', 'Logeintrag', 'Hydraulik', 0, NULL, 1, 'geschlossen', 'QS', 'Telefon intern', 1, 3, '2025-12-28 14:50:00', '2026-02-25 20:05:52', '2025-12-28 15:59:00', '2026-01-02 02:09:00'),
(9, 19, 'BAZ-19: Vibrationen / Geräuschentwicklung', 'Problem tritt sporadisch auf, inzwischen mehrfach diese Woche.\n\nAsset: Bearbeitungszentrum 19 (groß) (BAZ-19)', 'Sicherheit', 'Logeintrag', 'Mechanik', 0, NULL, 2, 'geschlossen', 'Schichtleitung', 'E-Mail', 0, 2, '2025-12-29 06:40:00', '2026-02-25 20:05:52', '2025-12-29 08:07:00', '2026-01-04 03:34:00'),
(10, 52, 'KSM-01: Vibrationen / Geräuschentwicklung', 'Möglicherweise Ersatzteil erforderlich.\n\nAsset: KSM Befüllanlage (Zentral) (KSM-01)', 'Sonstiges', 'Logeintrag', 'Sicherheit', 0, NULL, 3, 'geschlossen', 'Produktion', NULL, 0, 4, '2025-12-29 07:10:00', '2026-02-25 20:05:52', '2025-12-29 07:28:00', '2026-01-04 08:05:00'),
(11, 17, 'BAZ-17: Temperaturwarnung / Überhitzung', 'Betrieb aktuell möglich, aber Grenzbereich erreicht.\n\nAsset: Bearbeitungszentrum 17 (groß) (BAZ-17)', 'Pneumatik', 'Störmeldung', 'Mechanik', 1, '2025-12-29 09:13:00', 2, 'geschlossen', 'Extern', '-', 0, NULL, '2025-12-29 10:00:00', '2026-02-25 20:05:52', '2025-12-29 10:14:00', '2026-01-05 06:03:00'),
(12, 49, 'DL-FI-01: Display dunkel / Bedienpanel ohne Funktion', 'Störung bei Programmstart / Referenzfahrt.\n\nAsset: Druckluftfilterstation (DL-FI-01)', 'Hydraulik', 'Logeintrag', 'Elektrik', 0, NULL, 2, 'geschlossen', 'Schichtleitung', 'Teams', 0, NULL, '2025-12-30 09:50:00', '2026-02-25 20:05:52', '2025-12-30 10:17:00', '2026-01-05 05:53:00'),
(13, 23, 'Absauganlage 03: Filter verstopft / Differenzdruck hoch', 'Anlage wurde neu gestartet, Fehler kommt wieder.\n\nAsset: Absauganlage 03 (Filter/Absaugung) (ABS-03)', 'Sonstiges', 'Störmeldung', 'Mechanik', 0, NULL, 2, 'geschlossen', 'Produktion', 'Teams', 0, NULL, '2025-12-31 09:10:00', '2026-02-25 20:05:52', '2025-12-31 09:57:00', '2026-01-07 22:44:00'),
(14, 7, 'BAZ-07: Kühlmittelstand fällt ab / Leckage', 'Anlage wurde neu gestartet, Fehler kommt wieder.\n\nAsset: Bearbeitungszentrum 07 (normal) (BAZ-07)', 'Sicherheit', 'Mängelkarte', 'Mechanik', 0, NULL, 3, 'bestellt', 'Produktion', NULL, 0, 4, '2025-12-31 10:10:00', '2026-02-25 20:05:52', '2025-12-31 10:39:00', NULL),
(15, 51, 'VE-01: Sensorfehler / Signal unplausibel', 'Anlage wurde neu gestartet, Fehler kommt wieder.\n\nAsset: VE-Anlage (Wasseraufbereitung) (VE-01)', 'Hydraulik', 'Störmeldung', 'Hydraulik', 0, NULL, 2, 'geschlossen', 'Extern', 'E-Mail', 0, NULL, '2026-01-01 14:50:00', '2026-02-25 20:05:52', '2026-01-01 15:33:00', '2026-01-07 20:22:00'),
(16, 21, 'ABS-01: Sensorfehler / Signal unplausibel', 'Bitte priorisiert prüfen; Produktion ist beeinträchtigt.\n\nAsset: Absauganlage 01 (Filter/Absaugung) (ABS-01)', 'Sonstiges', 'Logeintrag', 'Medien', 0, NULL, 3, 'geschlossen', 'QS', '-', 0, NULL, '2026-01-01 10:30:00', '2026-02-25 20:05:52', '2026-01-01 11:02:00', '2026-01-09 09:33:00'),
(17, 43, 'KOM-03: Filterwechsel fällig / Druckverlust', 'Bitte priorisiert prüfen; Produktion ist beeinträchtigt.\n\nAsset: Kompressor 03 (KOM-03)', 'Sicherheit', 'Logeintrag', 'Mechanik', 0, NULL, 2, 'geschlossen', 'Instandhaltung', '-', 0, 4, '2026-01-01 08:00:00', '2026-02-25 20:05:52', '2026-01-01 09:28:00', '2026-01-05 07:25:00'),
(18, 43, 'KOM-03: Display dunkel / Bedienpanel ohne Funktion', 'Bitte priorisiert prüfen; Produktion ist beeinträchtigt.\n\nAsset: Kompressor 03 (KOM-03)', 'Sonstiges', 'Logeintrag', 'Medien', 0, NULL, 2, 'geschlossen', 'Schichtleitung', '-', 0, 4, '2026-01-01 16:40:00', '2026-02-25 20:05:52', '2026-01-01 17:16:00', '2026-01-09 06:56:00'),
(19, 11, 'BAZ-11: Druckluftverlust – Zischen hörbar', 'Bitte priorisiert prüfen; Produktion ist beeinträchtigt.\n\nAsset: Bearbeitungszentrum 11 (normal) (BAZ-11)', 'Hydraulik', 'Mängelkarte', 'Elektrik', 1, '2026-01-02 13:28:00', 3, 'geschlossen', 'Instandhaltung', '-', 1, 4, '2026-01-02 14:00:00', '2026-02-25 20:05:52', '2026-01-02 14:54:00', '2026-01-08 10:29:00'),
(20, 42, 'Kompressor 02: Öltemperatur zu hoch', 'Betrieb aktuell möglich, aber Grenzbereich erreicht.\n\nAsset: Kompressor 02 (KOM-02)', 'Sicherheit', 'Mängelkarte', 'Mechanik', 0, NULL, 2, 'geschlossen', 'Instandhaltung', 'Teams', 0, 3, '2026-01-03 09:20:00', '2026-02-25 20:05:52', '2026-01-03 10:33:00', '2026-01-07 02:43:00'),
(21, 14, 'BAZ-14: Türschalter / Sicherheitskreis aus', 'Anlage wurde neu gestartet, Fehler kommt wieder.\n\nAsset: Bearbeitungszentrum 14 (groß) (BAZ-14)', 'Sonstiges', 'Mängelkarte', 'Mechanik', 0, NULL, 2, 'erledigt', 'Produktion', '-', 1, 4, '2026-01-03 13:10:00', '2026-02-25 20:05:52', '2026-01-03 13:21:00', NULL),
(22, 8, 'BAZ-08: Kühlmittelpumpe läuft nicht an', 'Problem tritt sporadisch auf, inzwischen mehrfach diese Woche.\n\nAsset: Bearbeitungszentrum 08 (normal) (BAZ-08)', 'Kälte', 'Logeintrag', 'Mechanik', 0, NULL, 1, 'geschlossen', 'Schichtleitung', 'E-Mail', 0, 3, '2026-01-03 13:50:00', '2026-02-25 20:05:52', '2026-01-03 14:34:00', '2026-01-07 13:40:00'),
(23, 12, 'BAZ-12: Filterwechsel fällig / Druckverlust', 'Seit Schichtbeginn auffällig.\n\nAsset: Bearbeitungszentrum 12 (groß) (BAZ-12)', 'Hydraulik', 'Mängelkarte', 'Sicherheit', 0, NULL, 2, 'geschlossen', 'Schichtleitung', '-', 0, 2, '2026-01-04 12:50:00', '2026-02-25 20:05:52', '2026-01-04 14:18:00', '2026-01-10 04:05:00'),
(24, 8, 'BAZ-08: Kühlmittelpumpe läuft nicht an', 'Problem tritt sporadisch auf, inzwischen mehrfach diese Woche.\n\nAsset: Bearbeitungszentrum 08 (normal) (BAZ-08)', 'Hydraulik', 'Störmeldung', 'Medien', 0, NULL, 2, 'geschlossen', 'QS', 'E-Mail', 0, NULL, '2026-01-04 13:40:00', '2026-02-25 20:05:52', '2026-01-04 14:20:00', '2026-01-08 06:52:00'),
(25, 4, 'BAZ-04: Display dunkel / Bedienpanel ohne Funktion', 'Anlage wurde neu gestartet, Fehler kommt wieder.\n\nAsset: Bearbeitungszentrum 04 (normal) (BAZ-04)', 'Hydraulik', 'Logeintrag', 'Hydraulik', 0, NULL, 3, 'geschlossen', 'QS', 'E-Mail', 0, 2, '2026-01-04 09:30:00', '2026-02-25 20:05:52', '2026-01-04 10:14:00', '2026-01-09 23:43:00'),
(26, 53, 'KSM Messanlage: Messwert driftet / Kalibrierung nötig', 'Anlage wurde neu gestartet, Fehler kommt wieder.\n\nAsset: KSM Messanlage (pH/Leitfähigkeit) (KSM-02)', 'Mechanik', 'Störmeldung', 'Qualität', 0, NULL, 2, 'geschlossen', 'Schichtleitung', '-', 0, NULL, '2026-01-05 17:40:00', '2026-02-25 20:05:52', '2026-01-05 18:23:00', '2026-01-08 02:09:00'),
(27, 47, 'DL-TR-01: Ölstand prüfen / Leckage am Aggregat', 'Anlage wurde neu gestartet, Fehler kommt wieder.\n\nAsset: Drucklufttrockner 01 (DL-TR-01)', 'Sonstiges', 'Mängelkarte', 'Qualität', 0, NULL, 1, 'geschlossen', 'Produktion', '-', 0, 9, '2026-01-05 15:20:00', '2026-02-25 20:05:52', '2026-01-05 16:45:00', '2026-01-07 21:53:00'),
(28, 10, 'BAZ-10: Sensorfehler / Signal unplausibel', 'Betrieb aktuell möglich, aber Grenzbereich erreicht.\n\nAsset: Bearbeitungszentrum 10 (normal) (BAZ-10)', 'Elektrik', 'Mängelkarte', 'Sicherheit', 0, NULL, 1, 'geschlossen', 'Schichtleitung', 'Teams', 0, 3, '2026-01-05 15:30:00', '2026-02-25 20:05:52', '2026-01-05 15:55:00', '2026-01-10 21:09:00'),
(29, 30, 'KLI-04: Türschalter / Sicherheitskreis aus', 'Seit Schichtbeginn auffällig.\n\nAsset: Klimaanlage / Lüftung 04 (KLI-04)', 'Kälte', 'Störmeldung', 'Medien', 0, NULL, 2, 'geschlossen', 'QS', 'Teams', 1, NULL, '2026-01-06 10:50:00', '2026-02-25 20:05:52', '2026-01-06 11:34:00', '2026-01-13 03:29:00'),
(30, 20, 'BAZ-20: Ventilator läuft dauerhaft', 'Möglicherweise Ersatzteil erforderlich.\n\nAsset: Bearbeitungszentrum 20 (groß) (BAZ-20)', 'Mechanik', 'Logeintrag', 'Sicherheit', 0, NULL, 2, 'erledigt', 'Extern', 'Telefon intern', 0, 3, '2026-01-07 12:50:00', '2026-02-25 20:05:52', '2026-01-07 13:55:00', NULL),
(31, 11, 'BAZ-11: Türschalter / Sicherheitskreis aus', 'Störung bei Programmstart / Referenzfahrt.\n\nAsset: Bearbeitungszentrum 11 (normal) (BAZ-11)', 'Sonstiges', 'Logeintrag', 'Kälte/Klima', 0, NULL, 1, 'geschlossen', 'Instandhaltung', 'Telefon intern', 0, 4, '2026-01-07 16:00:00', '2026-02-25 20:05:52', '2026-01-07 16:19:00', '2026-01-14 00:00:00'),
(32, 39, 'BRI-01: Filterwechsel fällig / Druckverlust', 'Seit Schichtbeginn auffällig.\n\nAsset: Brikettpresse 01 (BRI-01)', 'Mechanik', 'Logeintrag', 'Medien', 0, NULL, 3, 'geschlossen', 'Schichtleitung', 'Teams', 0, 4, '2026-01-07 09:20:00', '2026-02-25 20:05:52', '2026-01-07 10:35:00', '2026-01-09 02:28:00'),
(33, 58, 'KR-01: Display dunkel / Bedienpanel ohne Funktion', 'Betrieb aktuell möglich, aber Grenzbereich erreicht.\n\nAsset: Hallenkran 3,2t (KR-01)', 'Elektrik', 'Störmeldung', 'Medien', 0, NULL, 2, 'geschlossen', 'Instandhaltung', 'E-Mail', 0, 3, '2026-01-07 09:30:00', '2026-02-25 20:05:52', '2026-01-07 10:09:00', '2026-01-14 06:51:00'),
(34, 7, 'BAZ-07: Kühlmittelstand fällt ab / Leckage', 'Problem tritt sporadisch auf, inzwischen mehrfach diese Woche.\n\nAsset: Bearbeitungszentrum 07 (normal) (BAZ-07)', 'Kälte', 'Mängelkarte', 'Mechanik', 0, NULL, 2, 'geschlossen', 'Instandhaltung', 'Telefon intern', 0, 4, '2026-01-08 14:40:00', '2026-02-25 20:05:52', '2026-01-08 15:45:00', '2026-01-14 00:53:00'),
(35, 42, 'Kompressor 02: Öltemperatur zu hoch', 'Bitte priorisiert prüfen; Produktion ist beeinträchtigt.\n\nAsset: Kompressor 02 (KOM-02)', 'Mechanik', 'Logeintrag', 'Mechanik', 0, NULL, 3, 'geschlossen', 'Produktion', 'Teams', 0, 3, '2026-01-09 14:40:00', '2026-02-25 20:05:52', '2026-01-09 16:08:00', '2026-01-16 20:57:00'),
(36, 7, 'BAZ-07: Kühlmittelstand fällt ab / Leckage', 'Betrieb aktuell möglich, aber Grenzbereich erreicht.\n\nAsset: Bearbeitungszentrum 07 (normal) (BAZ-07)', 'Sicherheit', 'Mängelkarte', 'Mechanik', 1, '2026-01-09 06:35:00', 1, 'geschlossen', 'Produktion', 'Teams', 0, NULL, '2026-01-09 07:20:00', '2026-02-25 20:05:52', '2026-01-09 08:01:00', '2026-01-16 18:54:00'),
(37, 15, 'BAZ-15: Störung Achsreferenz / sporadisch', 'Bitte priorisiert prüfen; Produktion ist beeinträchtigt.\n\nAsset: Bearbeitungszentrum 15 (groß) (BAZ-15)', 'Kälte', 'Logeintrag', 'Elektrik', 1, '2026-01-09 09:48:00', 2, 'erledigt', 'Schichtleitung', 'Teams', 0, 4, '2026-01-09 11:00:00', '2026-02-25 20:05:52', '2026-01-09 12:23:00', NULL),
(38, 9, 'BAZ-09: Display dunkel / Bedienpanel ohne Funktion', 'Problem tritt sporadisch auf, inzwischen mehrfach diese Woche.\n\nAsset: Bearbeitungszentrum 09 (normal) (BAZ-09)', 'Mechanik', 'Mängelkarte', 'Mechanik', 0, NULL, 2, 'geschlossen', 'Extern', 'E-Mail', 0, NULL, '2026-01-09 10:50:00', '2026-02-25 20:05:52', '2026-01-09 11:27:00', '2026-01-12 04:14:00'),
(39, 42, 'Kompressor 02: Öltemperatur zu hoch', 'Seit Schichtbeginn auffällig.\n\nAsset: Kompressor 02 (KOM-02)', 'Kälte', 'Logeintrag', 'Mechanik', 0, NULL, 3, 'geschlossen', 'QS', 'Teams', 0, 2, '2026-01-10 10:00:00', '2026-02-25 20:05:52', '2026-01-10 10:50:00', '2026-01-18 18:08:00'),
(40, 45, 'KOM-05: Ventilator läuft dauerhaft', 'Anlage wurde neu gestartet, Fehler kommt wieder.\n\nAsset: Kompressor 05 (KOM-05)', 'Sicherheit', 'Störmeldung', 'Hydraulik', 0, NULL, 1, 'geschlossen', 'QS', 'E-Mail', 0, NULL, '2026-01-11 16:00:00', '2026-02-25 20:05:52', '2026-01-11 16:30:00', '2026-01-16 06:18:00'),
(41, 56, 'FOE-01: Türschalter / Sicherheitskreis aus', 'Störung bei Programmstart / Referenzfahrt.\n\nAsset: Späneförderer Linie A (FOE-01)', 'Sonstiges', 'Logeintrag', 'Kälte/Klima', 0, NULL, 2, 'geschlossen', 'Produktion', '-', 1, NULL, '2026-01-11 08:10:00', '2026-02-25 20:05:52', '2026-01-11 08:30:00', '2026-01-16 12:34:00'),
(42, 21, 'ABS-01: Filterwechsel fällig / Druckverlust', 'Betrieb aktuell möglich, aber Grenzbereich erreicht.\n\nAsset: Absauganlage 01 (Filter/Absaugung) (ABS-01)', 'Pneumatik', 'Logeintrag', 'Medien', 0, NULL, 2, 'geschlossen', 'Produktion', 'Teams', 1, 3, '2026-01-11 14:20:00', '2026-02-25 20:05:52', '2026-01-11 15:03:00', '2026-01-15 07:02:00'),
(43, 42, 'Kompressor 02: Öltemperatur zu hoch', 'Anlage wurde neu gestartet, Fehler kommt wieder.\n\nAsset: Kompressor 02 (KOM-02)', 'Elektrik', 'Mängelkarte', 'Mechanik', 0, NULL, 3, 'bestellt', 'Schichtleitung', '-', 0, 4, '2026-01-12 13:40:00', '2026-02-25 20:05:52', '2026-01-12 14:32:00', NULL),
(44, 53, 'KSM Messanlage: Messwert driftet / Kalibrierung nötig', 'Betrieb aktuell möglich, aber Grenzbereich erreicht.\n\nAsset: KSM Messanlage (pH/Leitfähigkeit) (KSM-02)', 'Kälte', 'Störmeldung', 'Qualität', 0, NULL, 1, 'erledigt', 'QS', 'Teams', 0, 9, '2026-01-12 07:30:00', '2026-02-25 20:05:52', '2026-01-12 08:47:00', NULL),
(45, 11, 'BAZ-11: Temperaturwarnung / Überhitzung', 'Seit Schichtbeginn auffällig.\n\nAsset: Bearbeitungszentrum 11 (normal) (BAZ-11)', 'Sicherheit', 'Störmeldung', 'Mechanik', 0, NULL, 2, 'geschlossen', 'Produktion', 'E-Mail', 0, 3, '2026-01-12 08:40:00', '2026-02-25 20:05:52', '2026-01-12 10:00:00', '2026-01-16 06:34:00'),
(46, 17, 'BAZ-17: Display dunkel / Bedienpanel ohne Funktion', 'Anlage wurde neu gestartet, Fehler kommt wieder.\n\nAsset: Bearbeitungszentrum 17 (groß) (BAZ-17)', 'Hydraulik', 'Logeintrag', 'Medien', 0, NULL, 1, 'bestellt', 'Produktion', '-', 0, 2, '2026-01-13 07:30:00', '2026-02-25 20:05:52', '2026-01-13 07:48:00', NULL),
(47, 9, 'BAZ-09: Vibrationen / Geräuschentwicklung', 'Bitte priorisiert prüfen; Produktion ist beeinträchtigt.\n\nAsset: Bearbeitungszentrum 09 (normal) (BAZ-09)', 'Kälte', 'Logeintrag', 'Medien', 0, NULL, 2, 'geschlossen', 'Produktion', 'Telefon intern', 0, NULL, '2026-01-13 16:40:00', '2026-02-25 20:05:52', '2026-01-13 17:55:00', '2026-01-18 07:15:00'),
(48, 27, 'KLI-01: Druckluftverlust – Zischen hörbar', 'Seit Schichtbeginn auffällig.\n\nAsset: Klimaanlage / Lüftung 01 (KLI-01)', 'Hydraulik', 'Störmeldung', 'Hydraulik', 0, NULL, 2, 'bestellt', 'Schichtleitung', NULL, 1, NULL, '2026-01-14 11:10:00', '2026-02-25 20:05:52', '2026-01-14 12:26:00', NULL),
(49, 12, 'BAZ-12: Kühlmittelpumpe läuft nicht an', 'Störung bei Programmstart / Referenzfahrt.\n\nAsset: Bearbeitungszentrum 12 (groß) (BAZ-12)', 'Kälte', 'Mängelkarte', 'Elektrik', 0, NULL, 1, 'geschlossen', 'QS', NULL, 0, 4, '2026-01-15 15:40:00', '2026-02-25 20:05:52', '2026-01-15 16:56:00', '2026-01-22 18:48:00'),
(50, 53, 'KSM Messanlage: Messwert driftet / Kalibrierung nötig', 'Bitte priorisiert prüfen; Produktion ist beeinträchtigt.\n\nAsset: KSM Messanlage (pH/Leitfähigkeit) (KSM-02)', 'Mechanik', 'Störmeldung', 'Qualität', 0, NULL, 1, 'geschlossen', 'Produktion', 'Teams', 0, NULL, '2026-01-16 06:10:00', '2026-02-25 20:05:52', '2026-01-16 07:08:00', '2026-01-24 11:05:00'),
(51, 39, 'BRI-01: Ventilator läuft dauerhaft', 'Bitte priorisiert prüfen; Produktion ist beeinträchtigt.\n\nAsset: Brikettpresse 01 (BRI-01)', 'Hydraulik', 'Mängelkarte', 'Mechanik', 0, NULL, 2, 'geschlossen', 'Extern', 'Telefon intern', 0, 2, '2026-01-16 06:50:00', '2026-02-25 20:05:52', '2026-01-16 07:31:00', '2026-01-19 11:05:00'),
(52, 40, 'BRI-02: Temperaturwarnung / Überhitzung', 'Problem tritt sporadisch auf, inzwischen mehrfach diese Woche.\n\nAsset: Brikettpresse 02 (BRI-02)', 'Hydraulik', 'Logeintrag', 'Sicherheit', 0, NULL, 2, 'geschlossen', 'Extern', NULL, 0, 4, '2026-01-17 10:20:00', '2026-02-25 20:05:52', '2026-01-17 11:10:00', '2026-01-18 21:21:00'),
(53, 4, 'BAZ-04: Kühlmittelpumpe läuft nicht an', 'Seit Schichtbeginn auffällig.\n\nAsset: Bearbeitungszentrum 04 (normal) (BAZ-04)', 'Hydraulik', 'Störmeldung', 'Elektrik', 0, NULL, 2, 'geschlossen', 'Instandhaltung', NULL, 0, NULL, '2026-01-17 06:20:00', '2026-02-25 20:05:52', '2026-01-17 07:15:00', '2026-01-21 06:11:00'),
(54, 8, 'BAZ-08: Druckluftverlust – Zischen hörbar', 'Problem tritt sporadisch auf, inzwischen mehrfach diese Woche.\n\nAsset: Bearbeitungszentrum 08 (normal) (BAZ-08)', 'Sonstiges', 'Logeintrag', 'Elektrik', 0, NULL, 2, 'erledigt', 'Instandhaltung', NULL, 0, 4, '2026-01-17 08:20:00', '2026-02-25 20:05:52', '2026-01-17 09:37:00', NULL),
(55, 12, 'BAZ-12: Druckluftverlust – Zischen hörbar', 'Betrieb aktuell möglich, aber Grenzbereich erreicht.\n\nAsset: Bearbeitungszentrum 12 (groß) (BAZ-12)', 'Sonstiges', 'Störmeldung', 'Qualität', 0, NULL, 3, 'bestellt', 'Extern', NULL, 0, 9, '2026-01-18 07:20:00', '2026-02-25 20:05:52', '2026-01-18 08:35:00', NULL),
(56, 55, 'KSM-04: Druckluftverlust – Zischen hörbar', 'Möglicherweise Ersatzteil erforderlich.\n\nAsset: KSM Filtration / Nebenstromfilter (KSM-04)', 'Sicherheit', 'Störmeldung', 'Kälte/Klima', 0, NULL, 1, 'geschlossen', 'Schichtleitung', '-', 0, NULL, '2026-01-19 13:00:00', '2026-02-25 20:05:52', '2026-01-19 14:11:00', '2026-01-25 02:21:00'),
(57, 19, 'BAZ-19: Temperaturwarnung / Überhitzung', 'Anlage wurde neu gestartet, Fehler kommt wieder.\n\nAsset: Bearbeitungszentrum 19 (groß) (BAZ-19)', 'Mechanik', 'Logeintrag', 'Sicherheit', 0, NULL, 2, 'geschlossen', 'QS', 'E-Mail', 0, NULL, '2026-01-19 12:20:00', '2026-02-25 20:05:52', '2026-01-19 13:49:00', '2026-01-24 15:52:00'),
(58, 1, 'BAZ-01: Temperaturwarnung / Überhitzung', 'Seit Schichtbeginn auffällig.\n\nAsset: Bearbeitungszentrum 01 (klein) (BAZ-01)', 'Pneumatik', 'Störmeldung', 'Elektrik', 1, '2026-01-20 09:48:00', 3, 'geschlossen', 'Extern', NULL, 1, 4, '2026-01-20 10:10:00', '2026-02-25 20:05:52', '2026-01-20 11:34:00', '2026-01-27 07:40:00'),
(59, 15, 'BAZ-15: Störung Achsreferenz / sporadisch', 'Problem tritt sporadisch auf, inzwischen mehrfach diese Woche.\n\nAsset: Bearbeitungszentrum 15 (groß) (BAZ-15)', 'Pneumatik', 'Mängelkarte', 'Elektrik', 1, '2026-01-21 12:27:00', 2, 'geschlossen', 'QS', NULL, 0, 4, '2026-01-21 13:40:00', '2026-02-25 20:05:52', '2026-01-21 14:21:00', '2026-01-24 16:59:00'),
(60, 47, 'DL-TR-01: Druckluftverlust – Zischen hörbar', 'Betrieb aktuell möglich, aber Grenzbereich erreicht.\n\nAsset: Drucklufttrockner 01 (DL-TR-01)', 'Sonstiges', 'Logeintrag', 'Qualität', 0, NULL, 1, 'geschlossen', 'QS', 'Telefon intern', 0, NULL, '2026-01-21 06:50:00', '2026-02-25 20:05:52', '2026-01-21 07:52:00', '2026-01-25 14:59:00'),
(61, 13, 'BAZ-13: Kühlmittelpumpe läuft nicht an', 'Störung bei Programmstart / Referenzfahrt.\n\nAsset: Bearbeitungszentrum 13 (groß) (BAZ-13)', 'Elektrik', 'Störmeldung', 'Elektrik', 0, NULL, 1, 'geschlossen', 'QS', '-', 0, 4, '2026-01-21 07:20:00', '2026-02-25 20:05:52', '2026-01-21 08:25:00', '2026-01-24 22:56:00'),
(62, 4, 'BAZ-04: Filterwechsel fällig / Druckverlust', 'Möglicherweise Ersatzteil erforderlich.\n\nAsset: Bearbeitungszentrum 04 (normal) (BAZ-04)', 'Kälte', 'Störmeldung', 'Hydraulik', 1, '2026-01-21 07:30:00', 3, 'geschlossen', 'Extern', 'Teams', 0, NULL, '2026-01-21 09:30:00', '2026-02-25 20:05:52', '2026-01-21 10:29:00', '2026-01-26 03:29:00'),
(63, 53, 'KSM Messanlage: Messwert driftet / Kalibrierung nötig', 'Anlage wurde neu gestartet, Fehler kommt wieder.\n\nAsset: KSM Messanlage (pH/Leitfähigkeit) (KSM-02)', 'Sicherheit', 'Störmeldung', 'Qualität', 0, NULL, 2, 'geschlossen', 'Produktion', '-', 0, 9, '2026-01-22 13:00:00', '2026-02-25 20:05:52', '2026-01-22 14:29:00', '2026-01-26 14:25:00'),
(64, 12, 'BAZ-12: Filterwechsel fällig / Druckverlust', 'Betrieb aktuell möglich, aber Grenzbereich erreicht.\n\nAsset: Bearbeitungszentrum 12 (groß) (BAZ-12)', 'Elektrik', 'Störmeldung', 'Elektrik', 0, NULL, 1, 'geschlossen', 'Instandhaltung', 'Telefon intern', 0, NULL, '2026-01-22 11:50:00', '2026-02-25 20:05:52', '2026-01-22 12:20:00', '2026-01-29 01:10:00'),
(65, 47, 'DL-TR-01: Türschalter / Sicherheitskreis aus', 'Betrieb aktuell möglich, aber Grenzbereich erreicht.\n\nAsset: Drucklufttrockner 01 (DL-TR-01)', 'Hydraulik', 'Mängelkarte', 'Mechanik', 0, NULL, 2, 'geschlossen', 'Schichtleitung', '-', 0, NULL, '2026-01-22 11:20:00', '2026-02-25 20:05:52', '2026-01-22 12:31:00', '2026-01-27 16:22:00'),
(66, 15, 'BAZ-15: Störung Achsreferenz / sporadisch', 'Anlage wurde neu gestartet, Fehler kommt wieder.\n\nAsset: Bearbeitungszentrum 15 (groß) (BAZ-15)', 'Hydraulik', 'Störmeldung', 'Elektrik', 1, '2026-01-23 15:19:00', 2, 'geschlossen', 'Instandhaltung', '-', 0, 4, '2026-01-23 16:20:00', '2026-02-25 20:05:52', '2026-01-23 16:32:00', '2026-01-30 14:45:00'),
(67, 5, 'BAZ-05: Kühlmittelpumpe läuft nicht an', 'Anlage wurde neu gestartet, Fehler kommt wieder.\n\nAsset: Bearbeitungszentrum 05 (normal) (BAZ-05)', 'Hydraulik', 'Logeintrag', 'Kälte/Klima', 1, '2026-01-23 14:23:00', 1, 'erledigt', 'Extern', 'Teams', 0, 4, '2026-01-23 15:50:00', '2026-02-25 20:05:52', '2026-01-23 16:42:00', NULL),
(68, 36, 'HT-PUM-02: Vibrationen / Geräuschentwicklung', 'Betrieb aktuell möglich, aber Grenzbereich erreicht.\n\nAsset: Umwälzpumpe Kaltwasser (HT-PUM-02)', 'Hydraulik', 'Störmeldung', 'Qualität', 0, NULL, 3, 'erledigt', 'QS', '-', 0, NULL, '2026-01-23 13:40:00', '2026-02-25 20:05:52', '2026-01-23 13:54:00', NULL),
(69, 46, 'KOM-06: Druckluftverlust – Zischen hörbar', 'Problem tritt sporadisch auf, inzwischen mehrfach diese Woche.\n\nAsset: Kompressor 06 (KOM-06)', 'Sonstiges', 'Störmeldung', 'Hydraulik', 0, NULL, 2, 'geschlossen', 'Instandhaltung', 'Telefon intern', 0, NULL, '2026-01-23 17:50:00', '2026-02-25 20:05:52', '2026-01-23 18:42:00', '2026-01-26 20:33:00'),
(70, 57, 'PUM-01: Temperaturwarnung / Überhitzung', 'Störung bei Programmstart / Referenzfahrt.\n\nAsset: Kühlmittelpumpe (Zentral) (PUM-01)', 'Sonstiges', 'Logeintrag', 'Qualität', 0, NULL, 3, 'geschlossen', 'Schichtleitung', 'Teams', 0, 9, '2026-01-24 16:00:00', '2026-02-25 20:05:52', '2026-01-24 16:20:00', '2026-01-28 23:29:00'),
(71, 5, 'BAZ-05: Temperaturwarnung / Überhitzung', 'Problem tritt sporadisch auf, inzwischen mehrfach diese Woche.\n\nAsset: Bearbeitungszentrum 05 (normal) (BAZ-05)', 'Sicherheit', 'Logeintrag', 'Medien', 0, NULL, 3, 'erledigt', 'QS', NULL, 1, 2, '2026-01-24 10:40:00', '2026-02-25 20:05:52', '2026-01-24 10:55:00', NULL),
(72, 16, 'BAZ-16: Filterwechsel fällig / Druckverlust', 'Bitte priorisiert prüfen; Produktion ist beeinträchtigt.\n\nAsset: Bearbeitungszentrum 16 (groß) (BAZ-16)', 'Elektrik', 'Mängelkarte', 'Sicherheit', 0, NULL, 3, 'bestellt', 'Schichtleitung', 'E-Mail', 0, 2, '2026-01-24 16:30:00', '2026-02-25 20:05:52', '2026-01-24 17:19:00', NULL),
(73, 16, 'BAZ-16: Ventilator läuft dauerhaft', 'Bitte priorisiert prüfen; Produktion ist beeinträchtigt.\n\nAsset: Bearbeitungszentrum 16 (groß) (BAZ-16)', 'Elektrik', 'Störmeldung', 'Elektrik', 0, NULL, 2, 'bestellt', 'Extern', 'E-Mail', 0, 4, '2026-01-25 10:30:00', '2026-02-25 20:05:52', '2026-01-25 11:38:00', NULL),
(74, 56, 'FOE-01: Filterwechsel fällig / Druckverlust', 'Anlage wurde neu gestartet, Fehler kommt wieder.\n\nAsset: Späneförderer Linie A (FOE-01)', 'Kälte', 'Störmeldung', 'Sicherheit', 0, NULL, 1, 'geschlossen', 'Instandhaltung', 'Teams', 0, 4, '2026-01-25 09:40:00', '2026-02-25 20:05:52', '2026-01-25 10:31:00', '2026-01-31 15:34:00'),
(75, 40, 'BRI-02: Türschalter / Sicherheitskreis aus', 'Anlage wurde neu gestartet, Fehler kommt wieder.\n\nAsset: Brikettpresse 02 (BRI-02)', 'Sonstiges', 'Mängelkarte', 'Hydraulik', 0, NULL, 3, 'geschlossen', 'QS', 'Teams', 0, 3, '2026-01-26 10:40:00', '2026-02-25 20:05:52', '2026-01-26 11:36:00', '2026-02-02 22:16:00'),
(76, 6, 'BAZ-06: Display dunkel / Bedienpanel ohne Funktion', 'Bitte priorisiert prüfen; Produktion ist beeinträchtigt.\n\nAsset: Bearbeitungszentrum 06 (normal) (BAZ-06)', 'Sicherheit', 'Logeintrag', 'Kälte/Klima', 0, NULL, 2, 'geschlossen', 'Instandhaltung', 'Telefon intern', 0, 4, '2026-01-26 15:50:00', '2026-02-25 20:05:52', '2026-01-26 16:09:00', '2026-02-04 11:08:00'),
(77, 6, 'BAZ-06: Sensorfehler / Signal unplausibel', 'Seit Schichtbeginn auffällig.\n\nAsset: Bearbeitungszentrum 06 (normal) (BAZ-06)', 'Kälte', 'Logeintrag', 'Medien', 0, NULL, 1, 'geschlossen', 'Schichtleitung', 'Telefon intern', 0, NULL, '2026-01-26 16:50:00', '2026-02-25 20:05:52', '2026-01-26 17:14:00', '2026-02-03 11:36:00'),
(78, 7, 'BAZ-07: Kühlmittelstand fällt ab / Leckage', 'Möglicherweise Ersatzteil erforderlich.\n\nAsset: Bearbeitungszentrum 07 (normal) (BAZ-07)', 'Pneumatik', 'Logeintrag', 'Mechanik', 0, NULL, 2, 'geschlossen', 'Instandhaltung', 'Teams', 0, 3, '2026-01-27 14:30:00', '2026-02-25 20:05:52', '2026-01-27 15:10:00', '2026-02-02 00:56:00'),
(79, 32, 'HT-WWB-01: Druckluftverlust – Zischen hörbar', 'Möglicherweise Ersatzteil erforderlich.\n\nAsset: Warmwasserbereiter (HT-WWB-01)', 'Sicherheit', 'Logeintrag', 'Sicherheit', 0, NULL, 2, 'erledigt', 'Instandhaltung', 'E-Mail', 0, 2, '2026-01-27 11:30:00', '2026-02-25 20:05:52', '2026-01-27 11:53:00', NULL),
(80, 44, 'KOM-04: Sensorfehler / Signal unplausibel', 'Seit Schichtbeginn auffällig.\n\nAsset: Kompressor 04 (KOM-04)', 'Sicherheit', 'Logeintrag', 'Hydraulik', 0, NULL, 2, 'geschlossen', 'Schichtleitung', 'Telefon intern', 0, 3, '2026-01-27 10:40:00', '2026-02-25 20:05:52', '2026-01-27 11:45:00', '2026-02-02 14:50:00'),
(81, 24, 'ABS-04: Ölstand prüfen / Leckage am Aggregat', 'Problem tritt sporadisch auf, inzwischen mehrfach diese Woche.\n\nAsset: Absauganlage 04 (Filter/Absaugung) (ABS-04)', 'Hydraulik', 'Störmeldung', 'Medien', 0, NULL, 1, 'geschlossen', 'Instandhaltung', '-', 0, 2, '2026-01-28 07:50:00', '2026-02-25 20:05:52', '2026-01-28 08:32:00', '2026-01-31 00:04:00'),
(82, 7, 'BAZ-07: Ölstand prüfen / Leckage am Aggregat', 'Betrieb aktuell möglich, aber Grenzbereich erreicht.\n\nAsset: Bearbeitungszentrum 07 (normal) (BAZ-07)', 'Pneumatik', 'Mängelkarte', 'Elektrik', 0, NULL, 3, 'geschlossen', 'Schichtleitung', 'Teams', 0, NULL, '2026-01-28 07:20:00', '2026-02-25 20:05:52', '2026-01-28 08:16:00', '2026-02-04 02:57:00'),
(83, 23, 'Absauganlage 03: Filter verstopft / Differenzdruck hoch', 'Anlage wurde neu gestartet, Fehler kommt wieder.\n\nAsset: Absauganlage 03 (Filter/Absaugung) (ABS-03)', 'Kälte', 'Logeintrag', 'Mechanik', 0, NULL, 1, 'geschlossen', 'QS', '-', 0, 4, '2026-01-29 10:30:00', '2026-02-25 20:05:52', '2026-01-29 10:42:00', '2026-02-06 18:11:00'),
(84, 15, 'BAZ-15: Störung Achsreferenz / sporadisch', 'Problem tritt sporadisch auf, inzwischen mehrfach diese Woche.\n\nAsset: Bearbeitungszentrum 15 (groß) (BAZ-15)', 'Elektrik', 'Störmeldung', 'Elektrik', 1, '2026-01-29 09:27:00', 3, 'geschlossen', 'Schichtleitung', NULL, 0, 4, '2026-01-29 10:50:00', '2026-02-25 20:05:52', '2026-01-29 11:42:00', '2026-02-06 01:32:00'),
(85, 29, 'KLI-03: Ventilator läuft dauerhaft', 'Seit Schichtbeginn auffällig.\n\nAsset: Klimaanlage / Lüftung 03 (KLI-03)', 'Mechanik', 'Logeintrag', 'Medien', 0, NULL, 3, 'geschlossen', 'Schichtleitung', NULL, 0, 2, '2026-01-29 15:00:00', '2026-02-25 20:05:52', '2026-01-29 15:46:00', '2026-02-07 01:09:00'),
(86, 7, 'BAZ-07: Kühlmittelstand fällt ab / Leckage', 'Anlage wurde neu gestartet, Fehler kommt wieder.\n\nAsset: Bearbeitungszentrum 07 (normal) (BAZ-07)', 'Sicherheit', 'Störmeldung', 'Mechanik', 0, NULL, 3, 'geschlossen', 'QS', 'Telefon intern', 0, 3, '2026-01-30 14:30:00', '2026-02-25 20:05:52', '2026-01-30 15:49:00', '2026-02-01 09:30:00'),
(87, 52, 'KSM-01: Türschalter / Sicherheitskreis aus', 'Anlage wurde neu gestartet, Fehler kommt wieder.\n\nAsset: KSM Befüllanlage (Zentral) (KSM-01)', 'Hydraulik', 'Mängelkarte', 'Mechanik', 0, NULL, 2, 'geschlossen', 'Instandhaltung', 'Telefon intern', 0, 3, '2026-01-31 07:30:00', '2026-02-25 20:05:52', '2026-01-31 08:44:00', '2026-02-05 02:43:00'),
(88, 28, 'KLI-02: Kühlmittelpumpe läuft nicht an', 'Problem tritt sporadisch auf, inzwischen mehrfach diese Woche.\n\nAsset: Klimaanlage / Lüftung 02 (KLI-02)', 'Pneumatik', 'Störmeldung', 'Medien', 0, NULL, 1, 'erledigt', 'Produktion', '-', 0, 3, '2026-01-31 14:30:00', '2026-02-25 20:05:52', '2026-01-31 15:05:00', NULL),
(89, 23, 'Absauganlage 03: Filter verstopft / Differenzdruck hoch', 'Anlage wurde neu gestartet, Fehler kommt wieder.\n\nAsset: Absauganlage 03 (Filter/Absaugung) (ABS-03)', 'Elektrik', 'Logeintrag', 'Mechanik', 0, NULL, 2, 'bestellt', 'QS', 'Teams', 0, 3, '2026-02-01 13:10:00', '2026-02-25 20:05:52', '2026-02-01 13:33:00', NULL),
(90, 19, 'BAZ-19: Kühlmittelpumpe läuft nicht an', 'Betrieb aktuell möglich, aber Grenzbereich erreicht.\n\nAsset: Bearbeitungszentrum 19 (groß) (BAZ-19)', 'Sicherheit', 'Mängelkarte', 'Elektrik', 0, NULL, 3, 'geschlossen', 'QS', '-', 0, NULL, '2026-02-01 15:50:00', '2026-02-25 20:05:52', '2026-02-01 16:43:00', '2026-02-06 10:30:00'),
(91, 7, 'BAZ-07: Kühlmittelstand fällt ab / Leckage', 'Seit Schichtbeginn auffällig.\n\nAsset: Bearbeitungszentrum 07 (normal) (BAZ-07)', 'Kälte', 'Logeintrag', 'Mechanik', 1, '2026-02-02 08:28:00', 2, 'bestellt', 'Produktion', '-', 0, 2, '2026-02-02 09:20:00', '2026-02-25 20:05:52', '2026-02-02 10:42:00', NULL),
(92, 35, 'HT-PUM-01: Vibrationen / Geräuschentwicklung', 'Seit Schichtbeginn auffällig.\n\nAsset: Umwälzpumpe Heizkreis (HT-PUM-01)', 'Elektrik', 'Störmeldung', 'Qualität', 0, NULL, 1, 'geschlossen', 'Instandhaltung', 'Teams', 0, 9, '2026-02-02 14:10:00', '2026-02-25 20:05:52', '2026-02-02 14:41:00', '2026-02-07 10:12:00'),
(93, 16, 'BAZ-16: Türschalter / Sicherheitskreis aus', 'Seit Schichtbeginn auffällig.\n\nAsset: Bearbeitungszentrum 16 (groß) (BAZ-16)', 'Kälte', 'Störmeldung', 'Kälte/Klima', 0, NULL, 2, 'geschlossen', 'Produktion', 'E-Mail', 0, NULL, '2026-02-03 17:30:00', '2026-02-25 20:05:52', '2026-02-03 18:49:00', '2026-02-07 17:34:00'),
(94, 56, 'FOE-01: Kühlmittelpumpe läuft nicht an', 'Problem tritt sporadisch auf, inzwischen mehrfach diese Woche.\n\nAsset: Späneförderer Linie A (FOE-01)', 'Elektrik', 'Logeintrag', 'Qualität', 0, NULL, 3, 'geschlossen', 'Instandhaltung', 'Teams', 0, 9, '2026-02-03 16:50:00', '2026-02-25 20:05:52', '2026-02-03 18:17:00', '2026-02-06 04:01:00'),
(95, 8, 'BAZ-08: Filterwechsel fällig / Druckverlust', 'Seit Schichtbeginn auffällig.\n\nAsset: Bearbeitungszentrum 08 (normal) (BAZ-08)', 'Mechanik', 'Logeintrag', 'Mechanik', 0, NULL, 3, 'geschlossen', 'Instandhaltung', 'Telefon intern', 1, 2, '2026-02-03 13:20:00', '2026-02-25 20:05:52', '2026-02-03 14:00:00', '2026-02-10 21:43:00'),
(96, 21, 'ABS-01: Türschalter / Sicherheitskreis aus', 'Bitte priorisiert prüfen; Produktion ist beeinträchtigt.\n\nAsset: Absauganlage 01 (Filter/Absaugung) (ABS-01)', 'Kälte', 'Störmeldung', 'Sicherheit', 0, NULL, 2, 'erledigt', 'QS', 'Telefon intern', 0, NULL, '2026-02-03 10:20:00', '2026-02-25 20:05:52', '2026-02-03 10:29:00', NULL),
(97, 45, 'KOM-05: Ölstand prüfen / Leckage am Aggregat', 'Problem tritt sporadisch auf, inzwischen mehrfach diese Woche.\n\nAsset: Kompressor 05 (KOM-05)', 'Elektrik', 'Logeintrag', 'Medien', 0, NULL, 3, 'geschlossen', 'Instandhaltung', 'E-Mail', 1, NULL, '2026-02-04 16:20:00', '2026-02-25 20:05:52', '2026-02-04 17:00:00', '2026-02-08 12:54:00'),
(98, 19, 'BAZ-19: Temperaturwarnung / Überhitzung', 'Störung bei Programmstart / Referenzfahrt.\n\nAsset: Bearbeitungszentrum 19 (groß) (BAZ-19)', 'Sicherheit', 'Logeintrag', 'Hydraulik', 0, NULL, 1, 'geschlossen', 'Extern', 'E-Mail', 1, NULL, '2026-02-04 15:30:00', '2026-02-25 20:05:52', '2026-02-04 16:04:00', '2026-02-09 17:01:00'),
(99, 18, 'BAZ-18: Vibrationen / Geräuschentwicklung', 'Störung bei Programmstart / Referenzfahrt.\n\nAsset: Bearbeitungszentrum 18 (groß) (BAZ-18)', 'Elektrik', 'Logeintrag', 'Elektrik', 1, '2026-02-04 11:06:00', 1, 'geschlossen', 'Produktion', 'E-Mail', 0, NULL, '2026-02-04 12:30:00', '2026-02-25 20:05:52', '2026-02-04 13:56:00', '2026-02-07 01:05:00'),
(100, 3, 'BAZ-03: Druckluftverlust – Zischen hörbar', 'Möglicherweise Ersatzteil erforderlich.\n\nAsset: Bearbeitungszentrum 03 (klein) (BAZ-03)', 'Kälte', 'Mängelkarte', 'Medien', 1, '2026-02-04 11:15:00', 2, 'erledigt', 'Produktion', 'E-Mail', 0, 4, '2026-02-04 12:30:00', '2026-02-25 20:05:52', '2026-02-04 12:45:00', NULL),
(101, 15, 'BAZ-15: Störung Achsreferenz / sporadisch', 'Störung bei Programmstart / Referenzfahrt.\n\nAsset: Bearbeitungszentrum 15 (groß) (BAZ-15)', 'Mechanik', 'Mängelkarte', 'Elektrik', 1, '2026-02-05 12:04:00', 2, 'geschlossen', 'Schichtleitung', NULL, 0, 4, '2026-02-05 13:10:00', '2026-02-25 20:05:52', '2026-02-05 14:33:00', '2026-02-07 21:00:00'),
(102, 45, 'KOM-05: Ventilator läuft dauerhaft', 'Problem tritt sporadisch auf, inzwischen mehrfach diese Woche.\n\nAsset: Kompressor 05 (KOM-05)', 'Pneumatik', 'Mängelkarte', 'Qualität', 0, NULL, 3, 'geschlossen', 'Schichtleitung', '-', 0, 9, '2026-02-05 12:20:00', '2026-02-25 20:05:52', '2026-02-05 13:05:00', '2026-02-11 02:40:00'),
(103, 54, 'KSM-03: Druckluftverlust – Zischen hörbar', 'Störung bei Programmstart / Referenzfahrt.\n\nAsset: KSM Tank + Förderpumpe (KSM-03)', 'Sonstiges', 'Mängelkarte', 'Elektrik', 0, NULL, 2, 'geschlossen', 'Schichtleitung', 'E-Mail', 0, 4, '2026-02-05 13:50:00', '2026-02-25 20:05:52', '2026-02-05 14:14:00', '2026-02-11 10:20:00'),
(104, 40, 'BRI-02: Türschalter / Sicherheitskreis aus', 'Störung bei Programmstart / Referenzfahrt.\n\nAsset: Brikettpresse 02 (BRI-02)', 'Pneumatik', 'Mängelkarte', 'Sicherheit', 0, NULL, 1, 'bestellt', 'Produktion', 'Telefon intern', 0, 2, '2026-02-06 16:50:00', '2026-02-25 20:05:52', '2026-02-06 18:01:00', NULL),
(105, 41, 'KOM-01: Druckluftverlust – Zischen hörbar', 'Seit Schichtbeginn auffällig.\n\nAsset: Kompressor 01 (KOM-01)', 'Sonstiges', 'Logeintrag', 'Medien', 0, NULL, 2, 'geschlossen', 'QS', 'E-Mail', 0, 3, '2026-02-06 15:50:00', '2026-02-25 20:05:52', '2026-02-06 16:21:00', '2026-02-12 08:54:00'),
(106, 23, 'Absauganlage 03: Filter verstopft / Differenzdruck hoch', 'Betrieb aktuell möglich, aber Grenzbereich erreicht.\n\nAsset: Absauganlage 03 (Filter/Absaugung) (ABS-03)', 'Elektrik', 'Logeintrag', 'Mechanik', 0, NULL, 2, 'geschlossen', 'Schichtleitung', '-', 0, 3, '2026-02-07 11:50:00', '2026-02-25 20:05:52', '2026-02-07 12:49:00', '2026-02-11 21:18:00'),
(107, 26, 'ABS-06: Türschalter / Sicherheitskreis aus', 'Bitte priorisiert prüfen; Produktion ist beeinträchtigt.\n\nAsset: Absauganlage 06 (Filter/Absaugung) (ABS-06)', 'Mechanik', 'Logeintrag', 'Hydraulik', 0, NULL, 2, 'geschlossen', 'Schichtleitung', 'E-Mail', 0, 3, '2026-02-07 12:00:00', '2026-02-25 20:05:52', '2026-02-07 12:13:00', '2026-02-11 21:09:00'),
(108, 20, 'BAZ-20: Vibrationen / Geräuschentwicklung', 'Möglicherweise Ersatzteil erforderlich.\n\nAsset: Bearbeitungszentrum 20 (groß) (BAZ-20)', 'Kälte', 'Störmeldung', 'Medien', 0, NULL, 2, 'geschlossen', 'QS', 'Telefon intern', 0, 4, '2026-02-07 15:30:00', '2026-02-25 20:05:52', '2026-02-07 15:58:00', '2026-02-14 20:04:00'),
(109, 15, 'BAZ-15: Störung Achsreferenz / sporadisch', 'Möglicherweise Ersatzteil erforderlich.\n\nAsset: Bearbeitungszentrum 15 (groß) (BAZ-15)', 'Mechanik', 'Mängelkarte', 'Elektrik', 1, '2026-02-08 13:08:00', 1, 'in_arbeit', 'Instandhaltung', 'Teams', 0, 4, '2026-02-08 14:10:00', '2026-02-25 21:24:05', '2026-02-08 15:04:00', '2026-02-25 22:23:54'),
(110, 53, 'KSM Messanlage: Messwert driftet / Kalibrierung nötig', 'Problem tritt sporadisch auf, inzwischen mehrfach diese Woche.\n\nAsset: KSM Messanlage (pH/Leitfähigkeit) (KSM-02)', 'Mechanik', 'Logeintrag', 'Qualität', 0, NULL, 1, 'geschlossen', 'Schichtleitung', '-', 0, 9, '2026-02-08 13:30:00', '2026-02-25 20:05:52', '2026-02-08 14:10:00', '2026-02-14 07:57:00'),
(111, 15, 'BAZ-15: Störung Achsreferenz / sporadisch', 'Störung bei Programmstart / Referenzfahrt.\n\nAsset: Bearbeitungszentrum 15 (groß) (BAZ-15)', 'Pneumatik', 'Logeintrag', 'Elektrik', 0, NULL, 1, 'bestellt', 'Instandhaltung', 'Teams', 0, 4, '2026-02-09 14:40:00', '2026-02-25 20:05:52', '2026-02-09 14:58:00', NULL),
(112, 12, 'BAZ-12: Ventilator läuft dauerhaft', 'Betrieb aktuell möglich, aber Grenzbereich erreicht.\n\nAsset: Bearbeitungszentrum 12 (groß) (BAZ-12)', 'Pneumatik', 'Logeintrag', 'Kälte/Klima', 1, '2026-02-09 05:42:00', 3, 'geschlossen', 'Instandhaltung', 'Teams', 0, NULL, '2026-02-09 07:30:00', '2026-02-25 20:05:52', '2026-02-09 08:01:00', '2026-02-14 08:46:00'),
(113, 54, 'KSM-03: Türschalter / Sicherheitskreis aus', 'Seit Schichtbeginn auffällig.\n\nAsset: KSM Tank + Förderpumpe (KSM-03)', 'Pneumatik', 'Logeintrag', 'Kälte/Klima', 0, NULL, 2, 'geschlossen', 'Schichtleitung', 'Teams', 0, 4, '2026-02-10 14:50:00', '2026-02-25 20:05:52', '2026-02-10 15:26:00', '2026-02-15 17:01:00'),
(114, 42, 'Kompressor 02: Öltemperatur zu hoch', 'Bitte priorisiert prüfen; Produktion ist beeinträchtigt.\n\nAsset: Kompressor 02 (KOM-02)', 'Pneumatik', 'Logeintrag', 'Mechanik', 0, NULL, 1, 'geschlossen', 'Produktion', NULL, 0, 4, '2026-02-11 14:50:00', '2026-02-25 20:05:52', '2026-02-11 16:20:00', '2026-02-15 02:06:00'),
(115, 23, 'Absauganlage 03: Filter verstopft / Differenzdruck hoch', 'Möglicherweise Ersatzteil erforderlich.\n\nAsset: Absauganlage 03 (Filter/Absaugung) (ABS-03)', 'Elektrik', 'Logeintrag', 'Mechanik', 0, NULL, 3, 'erledigt', 'QS', 'Telefon intern', 0, 4, '2026-02-11 13:20:00', '2026-02-25 20:05:52', '2026-02-11 13:37:00', NULL),
(116, 59, 'MES-01: Vibrationen / Geräuschentwicklung', 'Problem tritt sporadisch auf, inzwischen mehrfach diese Woche.\n\nAsset: Messplatz Fertigung (Schnellmessung) (MES-01)', 'Sonstiges', 'Mängelkarte', 'Hydraulik', 0, NULL, 1, 'geschlossen', 'QS', 'E-Mail', 1, NULL, '2026-02-11 12:10:00', '2026-02-25 20:05:52', '2026-02-11 13:38:00', '2026-02-19 16:21:00'),
(117, 53, 'KSM Messanlage: Messwert driftet / Kalibrierung nötig', 'Bitte priorisiert prüfen; Produktion ist beeinträchtigt.\n\nAsset: KSM Messanlage (pH/Leitfähigkeit) (KSM-02)', 'Mechanik', 'Störmeldung', 'Qualität', 0, NULL, 2, 'geschlossen', 'Produktion', NULL, 0, 9, '2026-02-12 07:10:00', '2026-02-25 20:05:52', '2026-02-12 08:16:00', '2026-02-14 10:44:00'),
(118, 12, 'BAZ-12: Temperaturwarnung / Überhitzung', 'Seit Schichtbeginn auffällig.\n\nAsset: Bearbeitungszentrum 12 (groß) (BAZ-12)', 'Kälte', 'Logeintrag', 'Qualität', 1, '2026-02-12 08:39:00', 1, 'geschlossen', 'Extern', 'Teams', 0, NULL, '2026-02-12 10:10:00', '2026-02-25 20:05:52', '2026-02-12 10:42:00', '2026-02-17 14:50:00'),
(119, 56, 'FOE-01: Display dunkel / Bedienpanel ohne Funktion', 'Möglicherweise Ersatzteil erforderlich.\n\nAsset: Späneförderer Linie A (FOE-01)', 'Kälte', 'Logeintrag', 'Elektrik', 0, NULL, 3, 'erledigt', 'QS', 'Telefon intern', 0, 4, '2026-02-12 11:10:00', '2026-02-25 20:05:52', '2026-02-12 11:53:00', NULL),
(120, 4, 'BAZ-04: Temperaturwarnung / Überhitzung', 'Bitte priorisiert prüfen; Produktion ist beeinträchtigt.\n\nAsset: Bearbeitungszentrum 04 (normal) (BAZ-04)', 'Sonstiges', 'Logeintrag', 'Medien', 0, NULL, 2, 'geschlossen', 'QS', NULL, 0, 3, '2026-02-12 13:50:00', '2026-02-25 20:05:52', '2026-02-12 14:55:00', '2026-02-15 22:29:00'),
(121, 32, 'HT-WWB-01: Vibrationen / Geräuschentwicklung', 'Seit Schichtbeginn auffällig.\n\nAsset: Warmwasserbereiter (HT-WWB-01)', 'Kälte', 'Störmeldung', 'Medien', 0, NULL, 2, 'erledigt', 'Extern', 'E-Mail', 0, 3, '2026-02-13 07:50:00', '2026-02-25 20:05:52', '2026-02-13 09:18:00', NULL),
(122, 15, 'BAZ-15: Temperaturwarnung / Überhitzung', 'Betrieb aktuell möglich, aber Grenzbereich erreicht.\n\nAsset: Bearbeitungszentrum 15 (groß) (BAZ-15)', 'Mechanik', 'Störmeldung', 'Sicherheit', 1, '2026-02-13 14:54:00', 2, 'geschlossen', 'QS', NULL, 0, NULL, '2026-02-13 15:00:00', '2026-02-25 20:05:52', '2026-02-13 15:38:00', '2026-02-17 20:43:00'),
(123, 33, 'HT-WRG-01: Filterwechsel fällig / Druckverlust', 'Störung bei Programmstart / Referenzfahrt.\n\nAsset: WRG Anlage 01 (HT-WRG-01)', 'Kälte', 'Störmeldung', 'Mechanik', 0, NULL, 2, 'geschlossen', 'Schichtleitung', 'E-Mail', 0, 2, '2026-02-13 15:50:00', '2026-02-25 20:05:52', '2026-02-13 16:09:00', '2026-02-17 04:49:00'),
(124, 18, 'BAZ-18: Kühlmittelpumpe läuft nicht an', 'Anlage wurde neu gestartet, Fehler kommt wieder.\n\nAsset: Bearbeitungszentrum 18 (groß) (BAZ-18)', 'Sonstiges', 'Störmeldung', 'Hydraulik', 0, NULL, 3, 'erledigt', 'QS', 'Telefon intern', 0, 4, '2026-02-14 17:50:00', '2026-02-25 20:05:52', '2026-02-14 18:17:00', NULL),
(125, 53, 'KSM Messanlage: Messwert driftet / Kalibrierung nötig', 'Betrieb aktuell möglich, aber Grenzbereich erreicht.\n\nAsset: KSM Messanlage (pH/Leitfähigkeit) (KSM-02)', 'Kälte', 'Störmeldung', 'Qualität', 0, NULL, 3, 'geschlossen', 'QS', NULL, 0, 9, '2026-02-15 11:10:00', '2026-02-25 20:05:52', '2026-02-15 12:24:00', '2026-02-19 03:32:00'),
(126, 53, 'KSM Messanlage: Messwert driftet / Kalibrierung nötig', 'Seit Schichtbeginn auffällig.\n\nAsset: KSM Messanlage (pH/Leitfähigkeit) (KSM-02)', 'Sonstiges', 'Logeintrag', 'Qualität', 0, NULL, 3, 'geschlossen', 'QS', 'Telefon intern', 0, NULL, '2026-02-15 16:50:00', '2026-02-25 20:05:52', '2026-02-15 18:02:00', '2026-02-22 05:19:00'),
(127, 49, 'DL-FI-01: Türschalter / Sicherheitskreis aus', 'Seit Schichtbeginn auffällig.\n\nAsset: Druckluftfilterstation (DL-FI-01)', 'Kälte', 'Logeintrag', 'Mechanik', 0, NULL, 1, 'erledigt', 'Instandhaltung', 'Teams', 0, 2, '2026-02-16 13:50:00', '2026-02-25 20:05:52', '2026-02-16 14:35:00', NULL),
(128, 6, 'BAZ-06: Filterwechsel fällig / Druckverlust', 'Anlage wurde neu gestartet, Fehler kommt wieder.\n\nAsset: Bearbeitungszentrum 06 (normal) (BAZ-06)', 'Hydraulik', 'Mängelkarte', 'Qualität', 0, NULL, 1, 'geschlossen', 'Produktion', 'Teams', 0, 9, '2026-02-16 13:20:00', '2026-02-25 20:05:52', '2026-02-16 14:42:00', '2026-02-23 21:07:00'),
(129, 2, 'BAZ-02: Temperaturwarnung / Überhitzung', 'Seit Schichtbeginn auffällig.\n\nAsset: Bearbeitungszentrum 02 (klein) (BAZ-02)', 'Mechanik', 'Störmeldung', 'Medien', 0, NULL, 2, 'erledigt', 'Schichtleitung', 'Teams', 0, NULL, '2026-02-16 12:30:00', '2026-02-25 20:05:52', '2026-02-16 13:55:00', NULL),
(130, 49, 'DL-FI-01: Ventilator läuft dauerhaft', 'Bitte priorisiert prüfen; Produktion ist beeinträchtigt.\n\nAsset: Druckluftfilterstation (DL-FI-01)', 'Sonstiges', 'Logeintrag', 'Mechanik', 0, NULL, 2, 'bestellt', 'Instandhaltung', 'Telefon intern', 0, NULL, '2026-02-17 11:00:00', '2026-02-25 20:05:52', '2026-02-17 11:27:00', NULL),
(131, 25, 'ABS-05: Temperaturwarnung / Überhitzung', 'Bitte priorisiert prüfen; Produktion ist beeinträchtigt.\n\nAsset: Absauganlage 05 (Filter/Absaugung) (ABS-05)', 'Elektrik', 'Logeintrag', 'Medien', 0, NULL, 3, 'erledigt', 'Schichtleitung', NULL, 0, 3, '2026-02-17 13:30:00', '2026-02-25 20:05:52', '2026-02-17 14:20:00', NULL),
(132, 11, 'BAZ-11: Display dunkel / Bedienpanel ohne Funktion', 'Anlage wurde neu gestartet, Fehler kommt wieder.\n\nAsset: Bearbeitungszentrum 11 (normal) (BAZ-11)', 'Sonstiges', 'Logeintrag', 'Kälte/Klima', 0, NULL, 2, 'bestellt', 'Schichtleitung', 'Telefon intern', 0, NULL, '2026-02-18 09:00:00', '2026-02-25 20:05:52', '2026-02-18 09:39:00', NULL),
(133, 8, 'BAZ-08: Ventilator läuft dauerhaft', 'Möglicherweise Ersatzteil erforderlich.\n\nAsset: Bearbeitungszentrum 08 (normal) (BAZ-08)', 'Elektrik', 'Logeintrag', 'Hydraulik', 0, NULL, 2, 'bestellt', 'Instandhaltung', NULL, 0, 2, '2026-02-18 11:50:00', '2026-02-25 20:05:52', '2026-02-18 11:59:00', NULL),
(134, 50, 'DL-BE-01: Kühlmittelpumpe läuft nicht an', 'Seit Schichtbeginn auffällig.\n\nAsset: Druckluftbehälter / Druckregelung (DL-BE-01)', 'Mechanik', 'Störmeldung', 'Sicherheit', 0, NULL, 3, 'geschlossen', 'Schichtleitung', 'Telefon intern', 0, NULL, '2026-02-18 09:10:00', '2026-02-25 20:05:52', '2026-02-18 09:24:00', '2026-02-22 01:35:00'),
(135, 32, 'HT-WWB-01: Ventilator läuft dauerhaft', 'Störung bei Programmstart / Referenzfahrt.\n\nAsset: Warmwasserbereiter (HT-WWB-01)', 'Elektrik', 'Mängelkarte', 'Medien', 0, NULL, 2, 'erledigt', 'QS', 'Teams', 0, NULL, '2026-02-18 14:50:00', '2026-02-25 20:05:52', '2026-02-18 16:08:00', NULL),
(136, 53, 'KSM Messanlage: Messwert driftet / Kalibrierung nötig', 'Problem tritt sporadisch auf, inzwischen mehrfach diese Woche.\n\nAsset: KSM Messanlage (pH/Leitfähigkeit) (KSM-02)', 'Sicherheit', 'Störmeldung', 'Qualität', 0, NULL, 2, 'erledigt', 'Instandhaltung', 'Telefon intern', 0, 9, '2026-02-19 17:00:00', '2026-02-25 20:05:52', '2026-02-19 17:31:00', NULL),
(137, 13, 'BAZ-13: Kühlmittelpumpe läuft nicht an', 'Möglicherweise Ersatzteil erforderlich.\n\nAsset: Bearbeitungszentrum 13 (groß) (BAZ-13)', 'Hydraulik', 'Störmeldung', 'Elektrik', 0, NULL, 2, 'geschlossen', 'Extern', 'Teams', 0, NULL, '2026-02-19 17:30:00', '2026-02-25 20:05:52', '2026-02-19 17:39:00', '2026-02-21 15:14:00'),
(138, 20, 'BAZ-20: Türschalter / Sicherheitskreis aus', 'Problem tritt sporadisch auf, inzwischen mehrfach diese Woche.\n\nAsset: Bearbeitungszentrum 20 (groß) (BAZ-20)', 'Mechanik', 'Störmeldung', 'Hydraulik', 0, NULL, 2, 'bestellt', 'Schichtleitung', 'Teams', 0, 2, '2026-02-19 15:30:00', '2026-02-25 20:05:52', '2026-02-19 16:44:00', NULL),
(139, 2, 'BAZ-02: Sensorfehler / Signal unplausibel', 'Problem tritt sporadisch auf, inzwischen mehrfach diese Woche.\n\nAsset: Bearbeitungszentrum 02 (klein) (BAZ-02)', 'Sicherheit', 'Mängelkarte', 'Mechanik', 1, '2026-02-19 06:22:00', 1, 'geschlossen', 'Instandhaltung', 'Telefon intern', 0, 2, '2026-02-19 06:30:00', '2026-02-25 20:05:52', '2026-02-19 07:35:00', '2026-02-25 07:12:00'),
(140, 9, 'BAZ-09: Druckluftverlust – Zischen hörbar', 'Seit Schichtbeginn auffällig.\n\nAsset: Bearbeitungszentrum 09 (normal) (BAZ-09)', 'Sicherheit', 'Mängelkarte', 'Elektrik', 1, '2026-02-20 11:46:00', 3, 'in_arbeit', 'Instandhaltung', NULL, 0, NULL, '2026-02-20 13:20:00', '2026-02-25 20:05:52', '2026-02-20 14:14:00', NULL),
(141, 16, 'BAZ-16: Filterwechsel fällig / Druckverlust', 'Problem tritt sporadisch auf, inzwischen mehrfach diese Woche.\n\nAsset: Bearbeitungszentrum 16 (groß) (BAZ-16)', 'Elektrik', 'Störmeldung', 'Kälte/Klima', 1, '2026-02-20 05:49:00', 2, 'bestellt', 'Schichtleitung', 'Telefon intern', 0, NULL, '2026-02-20 07:30:00', '2026-02-25 20:05:52', '2026-02-20 08:30:00', NULL),
(142, 19, 'BAZ-19: Ölstand prüfen / Leckage am Aggregat', 'Störung bei Programmstart / Referenzfahrt.\n\nAsset: Bearbeitungszentrum 19 (groß) (BAZ-19)', 'Sicherheit', 'Logeintrag', 'Kälte/Klima', 0, NULL, 3, 'geschlossen', 'Extern', '-', 0, 4, '2026-02-20 14:20:00', '2026-02-25 20:05:52', '2026-02-20 14:43:00', '2026-02-26 17:43:00'),
(143, 19, 'BAZ-19: Türschalter / Sicherheitskreis aus', 'Seit Schichtbeginn auffällig.\n\nAsset: Bearbeitungszentrum 19 (groß) (BAZ-19)', 'Hydraulik', 'Mängelkarte', 'Elektrik', 0, NULL, 2, 'bestellt', 'Produktion', '-', 0, 4, '2026-02-20 13:00:00', '2026-02-25 20:05:52', '2026-02-20 13:07:00', NULL),
(144, 23, 'Absauganlage 03: Filter verstopft / Differenzdruck hoch', 'Betrieb aktuell möglich, aber Grenzbereich erreicht.\n\nAsset: Absauganlage 03 (Filter/Absaugung) (ABS-03)', 'Hydraulik', 'Logeintrag', 'Mechanik', 0, NULL, 1, 'erledigt', 'Schichtleitung', NULL, 0, 4, '2026-02-21 10:50:00', '2026-02-25 20:05:52', '2026-02-21 11:47:00', NULL),
(145, 33, 'HT-WRG-01: Temperaturwarnung / Überhitzung', 'Problem tritt sporadisch auf, inzwischen mehrfach diese Woche.\n\nAsset: WRG Anlage 01 (HT-WRG-01)', 'Sonstiges', 'Störmeldung', 'Kälte/Klima', 0, NULL, 1, 'in_arbeit', 'Schichtleitung', 'Telefon intern', 0, NULL, '2026-02-21 12:10:00', '2026-02-25 20:05:52', '2026-02-21 12:40:00', NULL),
(146, 13, 'BAZ-13: Kühlmittelpumpe läuft nicht an', 'Anlage wurde neu gestartet, Fehler kommt wieder.\n\nAsset: Bearbeitungszentrum 13 (groß) (BAZ-13)', 'Elektrik', 'Mängelkarte', 'Elektrik', 0, NULL, 1, 'geschlossen', 'QS', 'Telefon intern', 0, NULL, '2026-02-22 15:30:00', '2026-02-25 20:05:52', '2026-02-22 16:48:00', '2026-02-26 21:14:00');
INSERT INTO `stoerungstool_ticket` (`id`, `asset_id`, `titel`, `beschreibung`, `kategorie`, `meldungstyp`, `fachkategorie`, `maschinenstillstand`, `ausfallzeitpunkt`, `prioritaet`, `status`, `gemeldet_von`, `kontakt`, `anonym`, `assigned_user_id`, `created_at`, `updated_at`, `first_response_at`, `closed_at`) VALUES
(147, 25, 'ABS-05: Vibrationen / Geräuschentwicklung', 'Bitte priorisiert prüfen; Produktion ist beeinträchtigt.\n\nAsset: Absauganlage 05 (Filter/Absaugung) (ABS-05)', 'Hydraulik', 'Mängelkarte', 'Elektrik', 0, NULL, 2, 'erledigt', 'QS', 'Teams', 0, 4, '2026-02-22 15:00:00', '2026-02-25 20:05:52', '2026-02-22 16:19:00', NULL),
(148, 3, 'BAZ-03: Vibrationen / Geräuschentwicklung', 'Problem tritt sporadisch auf, inzwischen mehrfach diese Woche.\n\nAsset: Bearbeitungszentrum 03 (klein) (BAZ-03)', 'Elektrik', 'Logeintrag', 'Sicherheit', 0, NULL, 2, 'erledigt', 'Produktion', NULL, 0, NULL, '2026-02-22 10:50:00', '2026-02-25 20:05:52', '2026-02-22 11:12:00', NULL),
(149, 49, 'DL-FI-01: Vibrationen / Geräuschentwicklung', 'Seit Schichtbeginn auffällig.\n\nAsset: Druckluftfilterstation (DL-FI-01)', 'Hydraulik', 'Störmeldung', 'Medien', 0, NULL, 2, 'bestellt', 'Extern', 'Teams', 0, 3, '2026-02-23 16:20:00', '2026-02-25 20:05:52', '2026-02-23 17:48:00', NULL),
(150, 9, 'BAZ-09: Ventilator läuft dauerhaft', 'Möglicherweise Ersatzteil erforderlich.\n\nAsset: Bearbeitungszentrum 09 (normal) (BAZ-09)', 'Kälte', 'Störmeldung', 'Kälte/Klima', 0, NULL, 2, 'in_arbeit', 'Schichtleitung', NULL, 0, 4, '2026-02-23 10:30:00', '2026-02-25 20:05:52', '2026-02-23 11:23:00', NULL),
(151, 60, 'MED-01: Temperaturwarnung / Überhitzung', 'Anlage wurde neu gestartet, Fehler kommt wieder.\n\nAsset: Schutzgasversorgung / Verteiler (MED-01)', 'Sonstiges', 'Logeintrag', 'Medien', 0, NULL, 2, 'angenommen', 'Produktion', '-', 0, NULL, '2026-02-24 11:30:00', '2026-02-25 20:05:52', '2026-02-24 12:15:00', NULL),
(152, 39, 'BRI-01: Temperaturwarnung / Überhitzung', 'Möglicherweise Ersatzteil erforderlich.\n\nAsset: Brikettpresse 01 (BRI-01)', 'Hydraulik', 'Logeintrag', 'Kälte/Klima', 0, NULL, 2, 'erledigt', 'Instandhaltung', '-', 0, 4, '2026-02-24 08:40:00', '2026-02-25 20:06:30', '2026-02-24 09:30:00', NULL),
(153, 35, 'HT-PUM-01: Ölstand prüfen / Leckage am Aggregat', 'Betrieb aktuell möglich, aber Grenzbereich erreicht.\r\n\r\nAsset: Umwälzpumpe Heizkreis (HT-PUM-01)', 'Mechanik', 'Logeintrag', 'Kälte/Klima', 0, NULL, 1, 'in_arbeit', 'Schichtleitung', 'E-Mail', 0, NULL, '2026-02-25 06:20:00', '2026-02-25 20:06:21', '2026-02-25 07:59:00', NULL),
(154, 6, 'BAZ-06: Türschalter / Sicherheitskreis aus', 'Betrieb aktuell möglich, aber Grenzbereich erreicht.\n\nAsset: Bearbeitungszentrum 06 (normal) (BAZ-06)', 'Elektrik', 'Mängelkarte', 'Sicherheit', 0, NULL, 2, 'in_arbeit', 'QS', 'Teams', 0, 2, '2026-02-25 06:20:00', '2026-02-25 20:05:52', '2026-02-25 06:27:00', NULL),
(155, 12, 'BAZ-12: Ventilator läuft dauerhaft', 'Seit Schichtbeginn auffällig.\n\nAsset: Bearbeitungszentrum 12 (groß) (BAZ-12)', 'Kälte', 'Störmeldung', 'Qualität', 0, NULL, 1, 'angenommen', 'Produktion', 'Telefon intern', 0, 1, '2026-02-25 16:00:00', '2026-02-25 21:23:02', '2026-02-25 17:01:00', '2026-02-25 22:19:10'),
(156, 12, 'Wartung: BAZ-12 Bearbeitungszentrum 12 (groß) – Dichtheit prüfen', 'Erzeugt aus Wartungsprotokoll #54.\nAnlage: BAZ-12 – Bearbeitungszentrum 12 (groß)\nWartungspunkt: Dichtheit prüfen\nStatus: abweichung\nMesswert: 100 bar\nGrenzen: — bis 90\nHinweis: Messwert außerhalb Grenzwerte.', 'Wartung', NULL, NULL, 0, NULL, 2, 'angenommen', 'Johannes Pletschacher', NULL, 0, 1, '2026-02-25 19:40:30', '2026-02-25 21:32:32', '2026-02-25 20:40:30', '2026-02-25 22:32:30'),
(157, NULL, 'Störmeldung', 'test üüüber 5', NULL, 'Störmeldung', NULL, 0, NULL, 2, 'neu', NULL, NULL, 0, NULL, '2026-02-25 20:20:39', NULL, NULL, NULL),
(158, 21, 'Störmeldung', 'asdfasdfsadf', NULL, 'Störmeldung', NULL, 0, NULL, 2, 'geschlossen', NULL, NULL, 0, 9, '2026-02-25 20:28:33', '2026-02-25 20:38:18', '2026-02-25 21:38:12', '2026-02-25 21:38:13'),
(159, 18, 'Wartung: BAZ-18 Bearbeitungszentrum 18 (groß) – Funktionstest Sicherheit', 'Erzeugt aus Wartungsprotokoll #57.\nAnlage: BAZ-18 – Bearbeitungszentrum 18 (groß)\nWartungspunkt: Funktionstest Sicherheit\nStatus: ok\nMesswert: 4\nGrenzen: 0 bis 6', 'Wartung', NULL, NULL, 0, NULL, 2, 'erledigt', 'Johannes Pletschacher', NULL, 0, 1, '2026-02-25 21:09:02', '2026-02-25 22:34:10', '2026-02-25 23:34:00', '2026-02-25 23:34:08'),
(160, 12, 'Wartung: BAZ-12 Bearbeitungszentrum 12 (groß) – Schmierung prüfen', 'Erzeugt aus Wartungsprotokoll #65.\nAnlage: BAZ-12 – Bearbeitungszentrum 12 (groß)\nWartungspunkt: Schmierung prüfen\nStatus: abweichung\nMesswert: 25 Bar\nGrenzen: 25 bis 35\nTeam: Holger und da ander', 'Wartung', NULL, NULL, 0, NULL, 2, 'erledigt', 'Johannes Pletschacher', NULL, 0, 1, '2026-02-28 10:00:02', '2026-02-28 14:33:01', '2026-02-28 15:32:57', NULL),
(161, 9, 'Wartung: BAZ-09 Bearbeitungszentrum 09 (normal) – Funktionstest Sicherheit', 'Erzeugt aus Wartungsprotokoll #72.\nAnlage: BAZ-09 – Bearbeitungszentrum 09 (normal)\nWartungspunkt: Funktionstest Sicherheit\nStatus: abweichung\nTeam: Holger und da ander\nBemerkung: baz9 notaus', 'Wartung', NULL, NULL, 0, NULL, 2, 'neu', 'Johannes Pletschacher', NULL, 0, NULL, '2026-02-28 15:18:06', NULL, NULL, NULL),
(162, 21, 'wird geil', 'test v3, chatgpt auto als agent in vs code. ohne www. als guru', NULL, 'Mängelkarte', 'Testkat', 0, '2026-02-04 18:16:00', 2, 'neu', 'Holger Reger', 'nö', 0, NULL, '2026-02-28 17:18:26', NULL, NULL, NULL),
(163, 12, 'Wartung: BAZ-12 Bearbeitungszentrum 12 (groß) – Schmierung prüfen', 'Erzeugt aus Wartungsprotokoll #74.\nAnlage: BAZ-12 – Bearbeitungszentrum 12 (groß)\nWartungspunkt: Schmierung prüfen\nStatus: abweichung\nMesswert: 78\nGrenzen: — bis 75\nHinweis: Messwert außerhalb Grenzwerte.', 'Wartung', NULL, NULL, 0, NULL, 2, 'bestellt', 'Johannes Pletschacher', NULL, 0, NULL, '2026-02-28 19:39:49', '2026-02-28 20:24:50', NULL, NULL);

-- ---------------------------------------------------------------------
-- Seeds: wartungstool_wartungspunkt
-- ---------------------------------------------------------------------
INSERT INTO `wartungstool_wartungspunkt` (`id`, `asset_id`, `text_kurz`, `text_lang`, `intervall_typ`, `plan_interval`, `letzte_wartung`, `datum`, `messwert_pflicht`, `grenzwert_min`, `grenzwert_max`, `einheit`, `aktiv`, `created_at`, `updated_at`, `soon_ratio`, `soon_hours`, `planned_at`, `planned_text`) VALUES
(1, 1, 'Messwert prüfen', 'Messwert prüfen an Bearbeitungszentrum 01 (klein) (BAZ-01).', 'zeit', 7, NULL, '2026-02-07 14:00:00', 1, 0, NULL, NULL, 1, '2025-12-26 08:00:00', '2026-02-28 16:01:46', 0.1000, NULL, '2026-02-10 17:01:38', 'saufen'),
(2, 1, 'Dichtheit prüfen', 'Dichtheit prüfen an Bearbeitungszentrum 01 (klein) (BAZ-01).', 'zeit', 30, NULL, '2025-12-27 14:00:00', 1, 0, 90, 'bar', 1, '2025-12-26 08:00:00', '2026-02-27 15:16:42', 0.1000, NULL, NULL, NULL),
(3, 1, 'Messwert prüfen', 'Messwert prüfen an Bearbeitungszentrum 01 (klein) (BAZ-01).', 'zeit', 30, NULL, '2026-01-21 09:00:00', 0, NULL, NULL, NULL, 1, '2025-12-26 08:00:00', '2026-02-27 15:16:42', 0.1000, NULL, NULL, NULL),
(4, 2, 'Filter prüfen/wechseln', 'Filter prüfen/wechseln an Bearbeitungszentrum 02 (klein) (BAZ-02).', 'produktiv', 1000, 3520.9, NULL, 0, NULL, NULL, NULL, 1, '2025-12-26 08:00:00', '2026-02-27 15:16:42', 0.1000, NULL, NULL, NULL),
(5, 2, 'Schmierung prüfen', 'Schmierung prüfen an Bearbeitungszentrum 02 (klein) (BAZ-02).', 'produktiv', 500, 4252.7, NULL, 1, NULL, 75, NULL, 1, '2025-12-26 08:00:00', '2026-02-27 15:16:42', 0.1000, NULL, NULL, NULL),
(6, 2, 'Messwert prüfen', 'Messwert prüfen an Bearbeitungszentrum 02 (klein) (BAZ-02).', 'produktiv', 250, 486.1, NULL, 0, NULL, NULL, NULL, 1, '2025-12-26 08:00:00', '2026-02-27 15:16:42', 0.1000, NULL, NULL, NULL),
(7, 3, 'Funktionstest Sicherheit', 'Funktionstest Sicherheit an Bearbeitungszentrum 03 (klein) (BAZ-03).', 'produktiv', 1000, 1042.2, NULL, 0, NULL, NULL, NULL, 1, '2025-12-26 08:00:00', '2026-02-27 15:16:42', 0.1000, NULL, NULL, NULL),
(8, 3, 'Messwert prüfen', 'Messwert prüfen an Bearbeitungszentrum 03 (klein) (BAZ-03).', 'zeit', 7, NULL, '2026-02-19 07:00:00', 1, 0, 8, NULL, 1, '2025-12-26 08:00:00', '2026-02-27 15:16:42', 0.1000, NULL, NULL, NULL),
(9, 3, 'Dichtheit prüfen', 'Dichtheit prüfen an Bearbeitungszentrum 03 (klein) (BAZ-03).', 'produktiv', 500, 1913.9, NULL, 0, NULL, NULL, 'bar', 1, '2025-12-26 08:00:00', '2026-02-27 15:16:42', 0.1000, NULL, NULL, NULL),
(10, 4, 'Filter prüfen/wechseln', 'Filter prüfen/wechseln an Bearbeitungszentrum 04 (normal) (BAZ-04).', 'zeit', 30, NULL, '2026-02-07 16:00:00', 0, NULL, NULL, NULL, 1, '2025-12-26 08:00:00', '2026-02-27 15:16:42', 0.1000, NULL, NULL, NULL),
(11, 4, 'Messwert prüfen', 'Messwert prüfen an Bearbeitungszentrum 04 (normal) (BAZ-04).', 'zeit', 30, NULL, '2026-01-12 16:00:00', 1, NULL, 75, NULL, 1, '2025-12-26 08:00:00', '2026-02-27 15:16:42', 0.1000, NULL, NULL, NULL),
(12, 4, 'Filter prüfen/wechseln', 'Filter prüfen/wechseln an Bearbeitungszentrum 04 (normal) (BAZ-04).', 'zeit', 30, NULL, '2026-02-13 06:00:00', 0, NULL, NULL, NULL, 1, '2025-12-26 08:00:00', '2026-02-27 15:16:42', 0.1000, NULL, NULL, NULL),
(13, 5, 'Filter prüfen/wechseln', 'Filter prüfen/wechseln an Bearbeitungszentrum 05 (normal) (BAZ-05).', 'zeit', 7, NULL, '2025-12-30 09:00:00', 0, NULL, NULL, NULL, 1, '2025-12-26 08:00:00', '2026-02-27 15:16:42', 0.1000, NULL, NULL, NULL),
(14, 5, 'Messwert prüfen', 'Messwert prüfen an Bearbeitungszentrum 05 (normal) (BAZ-05).', 'produktiv', 250, 2348.4, NULL, 0, NULL, NULL, NULL, 1, '2025-12-26 08:00:00', '2026-02-27 15:16:42', 0.1000, NULL, NULL, NULL),
(15, 5, 'Schmierung prüfen', 'Schmierung prüfen an Bearbeitungszentrum 05 (normal) (BAZ-05).', 'produktiv', 250, 3760.4, NULL, 0, NULL, NULL, NULL, 1, '2025-12-26 08:00:00', '2026-02-27 15:16:42', 0.1000, NULL, NULL, NULL),
(16, 6, 'Dichtheit prüfen', 'Dichtheit prüfen an Bearbeitungszentrum 06 (normal) (BAZ-06).', 'produktiv', 1000, 2518.2, NULL, 0, NULL, NULL, 'bar', 1, '2025-12-26 08:00:00', '2026-02-27 15:16:42', 0.1000, NULL, NULL, NULL),
(17, 6, 'Schmierung prüfen', 'Schmierung prüfen an Bearbeitungszentrum 06 (normal) (BAZ-06).', 'zeit', 7, NULL, '2026-02-14 16:00:00', 0, NULL, NULL, NULL, 1, '2025-12-26 08:00:00', '2026-02-27 15:16:42', 0.1000, NULL, NULL, NULL),
(18, 6, 'Sichtprüfung / Reinigung', 'Sichtprüfung / Reinigung an Bearbeitungszentrum 06 (normal) (BAZ-06).', 'produktiv', 1000, 2692.7, NULL, 0, NULL, NULL, NULL, 1, '2025-12-26 08:00:00', '2026-02-27 15:16:42', 0.1000, NULL, NULL, NULL),
(19, 7, 'Messwert prüfen', 'Messwert prüfen an Bearbeitungszentrum 07 (normal) (BAZ-07).', 'zeit', 30, NULL, '2026-02-13 16:00:00', 1, NULL, NULL, NULL, 1, '2025-12-26 08:00:00', '2026-02-27 15:16:42', 0.1000, NULL, NULL, NULL),
(20, 7, 'Filter prüfen/wechseln', 'Filter prüfen/wechseln an Bearbeitungszentrum 07 (normal) (BAZ-07).', 'produktiv', 250, 4773.7, NULL, 0, NULL, NULL, NULL, 1, '2025-12-26 08:00:00', '2026-02-27 15:16:42', 0.1000, NULL, NULL, NULL),
(21, 7, 'Schmierung prüfen', 'Schmierung prüfen an Bearbeitungszentrum 07 (normal) (BAZ-07).', 'produktiv', 1000, 1562.4, NULL, 0, NULL, NULL, NULL, 1, '2025-12-26 08:00:00', '2026-02-27 15:16:42', 0.1000, NULL, NULL, NULL),
(22, 8, 'Filter prüfen/wechseln', 'Filter prüfen/wechseln an Bearbeitungszentrum 08 (normal) (BAZ-08).', 'zeit', 7, NULL, '2026-01-29 14:00:00', 0, NULL, NULL, NULL, 1, '2025-12-26 08:00:00', '2026-02-27 15:16:42', 0.1000, NULL, NULL, NULL),
(23, 8, 'Filter prüfen/wechseln', 'Filter prüfen/wechseln an Bearbeitungszentrum 08 (normal) (BAZ-08).', 'zeit', 30, NULL, '2026-01-02 11:00:00', 0, NULL, NULL, NULL, 1, '2025-12-26 08:00:00', '2026-02-27 15:16:42', 0.1000, NULL, NULL, NULL),
(24, 8, 'Sichtprüfung / Reinigung', 'Sichtprüfung / Reinigung an Bearbeitungszentrum 08 (normal) (BAZ-08).', 'produktiv', 250, 4892.1, NULL, 1, NULL, 75, NULL, 1, '2025-12-26 08:00:00', '2026-02-27 15:16:42', 0.1000, NULL, NULL, NULL),
(25, 9, 'Messwert prüfen', 'Messwert prüfen an Bearbeitungszentrum 09 (normal) (BAZ-09).', 'zeit', 7, NULL, '2026-02-28 16:44:36', 0, NULL, NULL, NULL, 1, '2025-12-26 08:00:00', '2026-02-28 15:44:36', 0.1000, NULL, NULL, NULL),
(26, 9, 'Funktionstest Sicherheit', 'Funktionstest Sicherheit an Bearbeitungszentrum 09 (normal) (BAZ-09).', 'produktiv', 1000, 8048.27, NULL, 0, NULL, NULL, NULL, 1, '2025-12-26 08:00:00', '2026-02-28 15:18:06', 0.1000, NULL, NULL, NULL),
(27, 9, 'Filter prüfen/wechseln', 'Filter prüfen/wechseln an Bearbeitungszentrum 09 (normal) (BAZ-09).', 'zeit', 30, NULL, '2026-02-06 16:00:00', 0, NULL, NULL, NULL, 1, '2025-12-26 08:00:00', '2026-02-27 15:16:42', 0.1000, NULL, NULL, NULL),
(28, 10, 'Funktionstest Sicherheit', 'Funktionstest Sicherheit an Bearbeitungszentrum 10 (normal) (BAZ-10).', 'produktiv', 500, 11452.39, NULL, 0, NULL, NULL, NULL, 1, '2025-12-26 08:00:00', '2026-02-27 15:16:42', 0.1000, NULL, NULL, NULL),
(29, 10, 'Funktionstest Sicherheit', 'Funktionstest Sicherheit an Bearbeitungszentrum 10 (normal) (BAZ-10).', 'zeit', 30, NULL, '2026-01-09 07:00:00', 1, 0, 6, NULL, 1, '2025-12-26 08:00:00', '2026-02-27 15:16:42', 0.1000, NULL, NULL, NULL),
(30, 10, 'Sichtprüfung / Reinigung', 'Sichtprüfung / Reinigung an Bearbeitungszentrum 10 (normal) (BAZ-10).', 'zeit', 14, NULL, '2026-01-12 16:00:00', 0, NULL, NULL, NULL, 1, '2025-12-26 08:00:00', '2026-02-27 15:16:42', 0.1000, NULL, NULL, NULL),
(31, 11, 'Funktionstest Sicherheit', 'Funktionstest Sicherheit an Bearbeitungszentrum 11 (normal) (BAZ-11).', 'produktiv', 250, 3944.6, NULL, 1, NULL, NULL, NULL, 1, '2025-12-26 08:00:00', '2026-02-27 15:16:42', 0.1000, NULL, NULL, NULL),
(32, 11, 'Sichtprüfung / Reinigung', 'Sichtprüfung / Reinigung an Bearbeitungszentrum 11 (normal) (BAZ-11).', 'produktiv', 250, 3399.5, NULL, 1, NULL, 75, NULL, 1, '2025-12-26 08:00:00', '2026-02-27 15:16:42', 0.1000, NULL, NULL, NULL),
(33, 11, 'Dichtheit prüfen', 'Dichtheit prüfen an Bearbeitungszentrum 11 (normal) (BAZ-11).', 'zeit', 7, NULL, '2026-02-15 07:00:00', 0, NULL, NULL, 'bar', 1, '2025-12-26 08:00:00', '2026-02-27 15:16:42', 0.1000, NULL, NULL, NULL),
(34, 12, 'Schmierung prüfen', 'Schmierung prüfen an Bearbeitungszentrum 12 (groß) (BAZ-12).\r\nZ-Achse!', 'zeit', 24, NULL, '2026-02-28 11:00:02', 1, 25, 35, 'Bar', 1, '2025-12-26 08:00:00', '2026-02-28 10:02:42', NULL, 7.00, NULL, NULL),
(35, 12, 'Dichtheit prüfen', 'Dichtheit prüfen an Bearbeitungszentrum 12 (groß) (BAZ-12).', 'zeit', 14, NULL, '2026-02-28 11:36:50', 1, NULL, 90, 'bar', 1, '2025-12-26 08:00:00', '2026-02-28 10:36:50', 0.1000, NULL, NULL, NULL),
(36, 12, 'Schmierung prüfen', 'Schmierung prüfen an Bearbeitungszentrum 12 (groß) (BAZ-12).', 'zeit', 7, NULL, '2026-02-28 20:39:49', 1, NULL, 75, NULL, 1, '2025-12-26 08:00:00', '2026-02-28 19:39:49', 0.1000, NULL, NULL, NULL),
(37, 13, 'Sichtprüfung / Reinigung', 'Sichtprüfung / Reinigung an Bearbeitungszentrum 13 (groß) (BAZ-13).', 'zeit', 14, NULL, '2026-01-11 13:00:00', 0, NULL, NULL, NULL, 1, '2025-12-26 08:00:00', '2026-02-27 15:16:42', 0.1000, NULL, NULL, NULL),
(38, 13, 'Messwert prüfen', 'Messwert prüfen an Bearbeitungszentrum 13 (groß) (BAZ-13).', 'produktiv', 500, 8986.15, NULL, 0, NULL, NULL, NULL, 1, '2025-12-26 08:00:00', '2026-02-27 15:16:42', 0.1000, NULL, NULL, NULL),
(39, 13, 'Schmierung prüfen', 'Schmierung prüfen an Bearbeitungszentrum 13 (groß) (BAZ-13).', 'produktiv', 250, 8986.15, NULL, 1, NULL, NULL, NULL, 1, '2025-12-26 08:00:00', '2026-02-28 15:16:02', 0.1000, NULL, NULL, NULL),
(40, 14, 'Funktionstest Sicherheit', 'Funktionstest Sicherheit an Bearbeitungszentrum 14 (groß) (BAZ-14).', 'zeit', 7, NULL, '2026-02-22 14:00:00', 0, NULL, NULL, NULL, 1, '2025-12-26 08:00:00', '2026-02-27 15:16:42', 0.1000, NULL, NULL, NULL),
(41, 14, 'Funktionstest Sicherheit', 'Funktionstest Sicherheit an Bearbeitungszentrum 14 (groß) (BAZ-14).', 'zeit', 7, NULL, '2026-02-07 09:00:00', 1, 0, NULL, NULL, 1, '2025-12-26 08:00:00', '2026-02-27 15:16:42', 0.1000, NULL, NULL, NULL),
(42, 14, 'Funktionstest Sicherheit', 'Funktionstest Sicherheit an Bearbeitungszentrum 14 (groß) (BAZ-14).', 'produktiv', 250, 9778.88, NULL, 1, NULL, NULL, NULL, 1, '2025-12-26 08:00:00', '2026-02-27 15:16:42', 0.1000, NULL, NULL, NULL),
(43, 15, 'Schmierung prüfen', 'Schmierung prüfen an Bearbeitungszentrum 15 (groß) (BAZ-15).', 'produktiv', 500, 7120.29, NULL, 0, NULL, NULL, NULL, 1, '2025-12-26 08:00:00', '2026-02-28 10:10:47', 0.1000, NULL, NULL, NULL),
(44, 15, 'Messwert prüfen', 'Messwert prüfen an Bearbeitungszentrum 15 (groß) (BAZ-15).', 'zeit', 30, NULL, '2025-12-30 06:00:00', 1, NULL, NULL, NULL, 1, '2025-12-26 08:00:00', '2026-02-27 15:16:42', 0.1000, NULL, NULL, NULL),
(45, 15, 'Funktionstest Sicherheit', 'Funktionstest Sicherheit an Bearbeitungszentrum 15 (groß) (BAZ-15).', 'produktiv', 1000, 7120.29, NULL, 0, NULL, NULL, NULL, 1, '2025-12-26 08:00:00', '2026-02-28 15:15:45', 0.1000, NULL, NULL, NULL),
(46, 16, 'Filter prüfen/wechseln', 'Filter prüfen/wechseln an Bearbeitungszentrum 16 (groß) (BAZ-16).', 'produktiv', 250, 8106.16, NULL, 0, NULL, NULL, NULL, 1, '2025-12-26 08:00:00', '2026-02-27 15:31:54', 0.1000, NULL, NULL, NULL),
(47, 16, 'Funktionstest Sicherheit', 'Funktionstest Sicherheit an Bearbeitungszentrum 16 (groß) (BAZ-16).', 'zeit', 14, NULL, '2026-02-03 16:00:00', 0, NULL, NULL, NULL, 1, '2025-12-26 08:00:00', '2026-02-27 15:16:42', 0.1000, NULL, NULL, NULL),
(48, 16, 'Funktionstest Sicherheit', 'Funktionstest Sicherheit an Bearbeitungszentrum 16 (groß) (BAZ-16).', 'zeit', 30, NULL, '2026-01-03 10:00:00', 1, NULL, NULL, NULL, 1, '2025-12-26 08:00:00', '2026-02-27 15:16:42', 0.1000, NULL, NULL, NULL),
(49, 17, 'Messwert prüfen', 'Messwert prüfen an Bearbeitungszentrum 17 (groß) (BAZ-17).', 'zeit', 7, NULL, '2026-01-12 10:00:00', 0, NULL, NULL, NULL, 1, '2025-12-26 08:00:00', '2026-02-27 15:16:42', 0.1000, NULL, NULL, NULL),
(50, 17, 'Filter prüfen/wechseln', 'Filter prüfen/wechseln an Bearbeitungszentrum 17 (groß) (BAZ-17).', 'zeit', 30, NULL, '2026-01-11 06:00:00', 1, NULL, 75, NULL, 1, '2025-12-26 08:00:00', '2026-02-27 15:16:42', 0.1000, NULL, NULL, NULL),
(51, 17, 'Dichtheit prüfen', 'Dichtheit prüfen an Bearbeitungszentrum 17 (groß) (BAZ-17).', 'zeit', 30, NULL, '2025-12-28 06:00:00', 0, NULL, NULL, 'bar', 1, '2025-12-26 08:00:00', '2026-02-27 15:16:42', 0.1000, NULL, NULL, NULL),
(52, 18, 'Messwert prüfen', 'Messwert prüfen an Bearbeitungszentrum 18 (groß) (BAZ-18).', 'produktiv', 250, 10443.49, NULL, 0, NULL, NULL, NULL, 1, '2025-12-26 08:00:00', '2026-02-27 15:16:42', 0.1000, NULL, NULL, NULL),
(53, 18, 'Sichtprüfung / Reinigung', 'Sichtprüfung / Reinigung an Bearbeitungszentrum 18 (groß) (BAZ-18).', 'produktiv', 1000, 10443.49, NULL, 1, NULL, NULL, NULL, 1, '2025-12-26 08:00:00', '2026-02-27 15:16:42', 0.1000, NULL, NULL, NULL),
(54, 18, 'Funktionstest Sicherheit', 'Funktionstest Sicherheit an Bearbeitungszentrum 18 (groß) (BAZ-18).', 'produktiv', 1000, 10443.49, NULL, 1, 0, 6, NULL, 1, '2025-12-26 08:00:00', '2026-02-27 15:16:42', 0.1000, NULL, NULL, NULL),
(55, 19, 'Sichtprüfung / Reinigung', 'Sichtprüfung / Reinigung an Bearbeitungszentrum 19 (groß) (BAZ-19).', 'zeit', 30, NULL, '2026-01-30 12:00:00', 0, NULL, NULL, NULL, 1, '2025-12-26 08:00:00', '2026-02-27 15:16:42', 0.1000, NULL, NULL, NULL),
(56, 19, 'Schmierung prüfen', 'Schmierung prüfen an Bearbeitungszentrum 19 (groß) (BAZ-19).', 'zeit', 7, NULL, '2026-02-15 08:00:00', 0, NULL, NULL, NULL, 1, '2025-12-26 08:00:00', '2026-02-27 15:16:42', 0.1000, NULL, NULL, NULL),
(57, 19, 'Schmierung prüfen', 'Schmierung prüfen an Bearbeitungszentrum 19 (groß) (BAZ-19).', 'produktiv', 250, 11627.1, NULL, 0, NULL, NULL, NULL, 1, '2025-12-26 08:00:00', '2026-02-27 15:16:42', 0.1000, NULL, NULL, NULL),
(58, 20, 'Schmierung prüfen', 'Schmierung prüfen an Bearbeitungszentrum 20 (groß) (BAZ-20).', 'zeit', 14, NULL, '2026-01-01 12:00:00', 0, NULL, NULL, NULL, 1, '2025-12-26 08:00:00', '2026-02-27 15:16:42', 0.1000, NULL, NULL, NULL),
(59, 20, 'Schmierung prüfen', 'Schmierung prüfen an Bearbeitungszentrum 20 (groß) (BAZ-20).', 'zeit', 14, NULL, '2026-01-09 06:00:00', 1, NULL, 8, NULL, 1, '2025-12-26 08:00:00', '2026-02-27 15:16:42', 0.1000, NULL, NULL, NULL),
(60, 20, 'Filter prüfen/wechseln', 'Filter prüfen/wechseln an Bearbeitungszentrum 20 (groß) (BAZ-20).', 'zeit', 14, NULL, '2026-01-17 16:00:00', 1, 0, NULL, NULL, 1, '2025-12-26 08:00:00', '2026-02-27 15:16:42', 0.1000, NULL, NULL, NULL),
(61, 21, 'Funktionstest Sicherheit', 'Funktionstest Sicherheit an Absauganlage 01 (Filter/Absaugung) (ABS-01).', 'produktiv', 1000, 2944.9, NULL, 1, 0, NULL, NULL, 1, '2025-12-26 08:00:00', '2026-02-27 15:16:42', 0.1000, NULL, NULL, NULL),
(62, 22, 'Sichtprüfung / Reinigung', 'Sichtprüfung / Reinigung an Absauganlage 02 (Filter/Absaugung) (ABS-02).', 'produktiv', 250, 2238.3, NULL, 0, NULL, NULL, NULL, 1, '2025-12-26 08:00:00', '2026-02-27 15:16:42', 0.1000, NULL, NULL, NULL),
(63, 23, 'Funktionstest Sicherheit', 'Funktionstest Sicherheit an Absauganlage 03 (Filter/Absaugung) (ABS-03).', 'zeit', 14, NULL, '2026-02-23 14:00:00', 1, 0, 90, NULL, 1, '2025-12-26 08:00:00', '2026-02-27 15:16:42', 0.1000, NULL, NULL, NULL),
(64, 24, 'Dichtheit prüfen', 'Dichtheit prüfen an Absauganlage 04 (Filter/Absaugung) (ABS-04).', 'zeit', 14, NULL, '2026-02-06 07:00:00', 1, NULL, 10, 'bar', 1, '2025-12-26 08:00:00', '2026-02-27 15:16:42', 0.1000, NULL, NULL, NULL),
(65, 25, 'Filter prüfen/wechseln', 'Filter prüfen/wechseln an Absauganlage 05 (Filter/Absaugung) (ABS-05).', 'produktiv', 1000, 3516.3, NULL, 0, NULL, NULL, NULL, 1, '2025-12-26 08:00:00', '2026-02-27 15:16:42', 0.1000, NULL, NULL, NULL),
(66, 26, 'Dichtheit prüfen', 'Dichtheit prüfen an Absauganlage 06 (Filter/Absaugung) (ABS-06).', 'zeit', 7, NULL, '2026-01-19 16:00:00', 0, NULL, NULL, 'bar', 1, '2025-12-26 08:00:00', '2026-02-27 15:16:42', 0.1000, NULL, NULL, NULL),
(67, 27, 'Funktionstest Sicherheit', 'Funktionstest Sicherheit an Klimaanlage / Lüftung 01 (KLI-01).', 'zeit', 30, NULL, '2026-01-08 12:00:00', 1, NULL, 10, NULL, 1, '2025-12-26 08:00:00', '2026-02-27 15:16:42', 0.1000, NULL, NULL, NULL),
(68, 28, 'Dichtheit prüfen', 'Dichtheit prüfen an Klimaanlage / Lüftung 02 (KLI-02).', 'produktiv', 500, 2418.6, NULL, 0, NULL, NULL, 'bar', 1, '2025-12-26 08:00:00', '2026-02-27 15:16:42', 0.1000, NULL, NULL, NULL),
(69, 29, 'Sichtprüfung / Reinigung', 'Sichtprüfung / Reinigung an Klimaanlage / Lüftung 03 (KLI-03).', 'zeit', 30, NULL, '2025-12-31 09:00:00', 1, NULL, NULL, NULL, 1, '2025-12-26 08:00:00', '2026-02-27 15:16:42', 0.1000, NULL, NULL, NULL),
(70, 30, 'Schmierung prüfen', 'Schmierung prüfen an Klimaanlage / Lüftung 04 (KLI-04).', 'produktiv', 250, 2331.5, NULL, 1, 0, NULL, NULL, 1, '2025-12-26 08:00:00', '2026-02-27 15:16:42', 0.1000, NULL, NULL, NULL),
(71, 31, 'Messwert prüfen', 'Messwert prüfen an Heizung (Kessel/Regelung) (HT-HEI-01).', 'zeit', 30, NULL, '2026-01-20 09:00:00', 0, NULL, NULL, NULL, 1, '2025-12-26 08:00:00', '2026-02-27 15:16:42', 0.1000, NULL, NULL, NULL),
(72, 32, 'Messwert prüfen', 'Messwert prüfen an Warmwasserbereiter (HT-WWB-01).', 'zeit', 30, NULL, '2026-01-01 12:00:00', 1, NULL, NULL, NULL, 1, '2025-12-26 08:00:00', '2026-02-27 15:16:42', 0.1000, NULL, NULL, NULL),
(73, 33, 'Messwert prüfen', 'Messwert prüfen an WRG Anlage 01 (HT-WRG-01).', 'zeit', 7, NULL, '2025-12-29 14:00:00', 0, NULL, NULL, NULL, 1, '2025-12-26 08:00:00', '2026-02-27 15:16:42', 0.1000, NULL, NULL, NULL),
(74, 34, 'Dichtheit prüfen', 'Dichtheit prüfen an WRG Anlage 02 (HT-WRG-02).', 'zeit', 7, NULL, '2026-01-30 15:00:00', 1, NULL, NULL, 'bar', 1, '2025-12-26 08:00:00', '2026-02-27 15:16:42', 0.1000, NULL, NULL, NULL),
(75, 35, 'Funktionstest Sicherheit', 'Funktionstest Sicherheit an Umwälzpumpe Heizkreis (HT-PUM-01).', 'produktiv', 500, 2191, NULL, 0, NULL, NULL, NULL, 1, '2025-12-26 08:00:00', '2026-02-27 15:16:42', 0.1000, NULL, NULL, NULL),
(76, 36, 'Messwert prüfen', 'Messwert prüfen an Umwälzpumpe Kaltwasser (HT-PUM-02).', 'produktiv', 250, 3783.7, NULL, 0, NULL, NULL, NULL, 1, '2025-12-26 08:00:00', '2026-02-27 15:16:42', 0.1000, NULL, NULL, NULL),
(77, 37, 'Dichtheit prüfen', 'Dichtheit prüfen an Gebäudeleittechnik (GLT) (HT-GLT-01).', 'produktiv', 1000, 479.7, NULL, 0, NULL, NULL, 'bar', 1, '2025-12-26 08:00:00', '2026-02-27 15:16:42', 0.1000, NULL, NULL, NULL),
(78, 38, 'Filter prüfen/wechseln', 'Filter prüfen/wechseln an Hallenlüftung Allgemein (HT-LUE-01).', 'produktiv', 250, 3500.4, NULL, 1, NULL, 8, NULL, 1, '2025-12-26 08:00:00', '2026-02-27 15:16:42', 0.1000, NULL, NULL, NULL),
(79, 39, 'Dichtheit prüfen', 'Dichtheit prüfen an Brikettpresse 01 (BRI-01).', 'zeit', 7, NULL, '2026-01-29 13:00:00', 0, NULL, NULL, 'bar', 1, '2025-12-26 08:00:00', '2026-02-27 15:16:42', 0.1000, NULL, NULL, NULL),
(80, 39, 'Schmierung prüfen', 'Schmierung prüfen an Brikettpresse 01 (BRI-01).', 'produktiv', 250, 10623.44, NULL, 0, NULL, NULL, NULL, 1, '2025-12-26 08:00:00', '2026-02-27 15:31:58', 0.1000, NULL, NULL, NULL),
(81, 40, 'Dichtheit prüfen', 'Dichtheit prüfen an Brikettpresse 02 (BRI-02).', 'zeit', 30, NULL, '2026-02-24 11:00:00', 0, NULL, NULL, 'bar', 1, '2025-12-26 08:00:00', '2026-02-27 15:16:42', 0.1000, NULL, NULL, NULL),
(82, 40, 'Dichtheit prüfen', 'Dichtheit prüfen an Brikettpresse 02 (BRI-02).', 'produktiv', 500, 4019.4, NULL, 0, NULL, NULL, 'bar', 1, '2025-12-26 08:00:00', '2026-02-27 15:16:42', 0.1000, NULL, NULL, NULL),
(83, 41, 'Schmierung prüfen', 'Schmierung prüfen an Kompressor 01 (KOM-01).', 'zeit', 14, NULL, '2026-02-10 08:00:00', 1, NULL, 75, NULL, 1, '2025-12-26 08:00:00', '2026-02-27 15:16:42', 0.1000, NULL, NULL, NULL),
(84, 41, 'Funktionstest Sicherheit', 'Funktionstest Sicherheit an Kompressor 01 (KOM-01).', 'produktiv', 250, 8152.83, NULL, 0, NULL, NULL, NULL, 1, '2025-12-26 08:00:00', '2026-02-28 15:16:24', 0.1000, NULL, NULL, NULL),
(85, 42, 'Messwert prüfen', 'Messwert prüfen an Kompressor 02 (KOM-02).', 'zeit', 7, NULL, '2026-02-19 13:00:00', 0, NULL, NULL, NULL, 1, '2025-12-26 08:00:00', '2026-02-27 15:16:42', 0.1000, NULL, NULL, NULL),
(86, 42, 'Filter prüfen/wechseln', 'Filter prüfen/wechseln an Kompressor 02 (KOM-02).', 'zeit', 7, NULL, '2026-01-08 13:00:00', 0, NULL, NULL, NULL, 1, '2025-12-26 08:00:00', '2026-02-27 15:16:42', 0.1000, NULL, NULL, NULL),
(87, 43, 'Dichtheit prüfen', 'Dichtheit prüfen an Kompressor 03 (KOM-03).', 'produktiv', 500, 3770.2, NULL, 1, NULL, 6, 'bar', 1, '2025-12-26 08:00:00', '2026-02-27 15:16:42', 0.1000, NULL, NULL, NULL),
(88, 43, 'Schmierung prüfen', 'Schmierung prüfen an Kompressor 03 (KOM-03).', 'zeit', 14, NULL, '2026-02-13 16:00:00', 0, NULL, NULL, NULL, 1, '2025-12-26 08:00:00', '2026-02-27 15:16:42', 0.1000, NULL, NULL, NULL),
(89, 44, 'Schmierung prüfen', 'Schmierung prüfen an Kompressor 04 (KOM-04).', 'zeit', 7, NULL, '2026-01-25 16:00:00', 1, 0, 8, NULL, 1, '2025-12-26 08:00:00', '2026-02-27 15:16:42', 0.1000, NULL, NULL, NULL),
(90, 44, 'Schmierung prüfen', 'Schmierung prüfen an Kompressor 04 (KOM-04).', 'zeit', 30, NULL, '2026-01-11 11:00:00', 0, NULL, NULL, NULL, 1, '2025-12-26 08:00:00', '2026-02-27 15:16:42', 0.1000, NULL, NULL, NULL),
(91, 45, 'Funktionstest Sicherheit', 'Funktionstest Sicherheit an Kompressor 05 (KOM-05).', 'zeit', 30, NULL, '2026-02-09 07:00:00', 0, NULL, NULL, NULL, 1, '2025-12-26 08:00:00', '2026-02-27 15:16:42', 0.1000, NULL, NULL, NULL),
(92, 45, 'Sichtprüfung / Reinigung', 'Sichtprüfung / Reinigung an Kompressor 05 (KOM-05).', 'zeit', 14, NULL, '2026-02-23 10:00:00', 0, NULL, NULL, NULL, 1, '2025-12-26 08:00:00', '2026-02-27 15:16:42', 0.1000, NULL, NULL, NULL),
(93, 46, 'Messwert prüfen', 'Messwert prüfen an Kompressor 06 (KOM-06).', 'produktiv', 500, 3516.2, NULL, 1, NULL, NULL, NULL, 1, '2025-12-26 08:00:00', '2026-02-27 15:16:42', 0.1000, NULL, NULL, NULL),
(94, 46, 'Funktionstest Sicherheit', 'Funktionstest Sicherheit an Kompressor 06 (KOM-06).', 'produktiv', 1000, 3934.9, NULL, 0, NULL, NULL, NULL, 1, '2025-12-26 08:00:00', '2026-02-27 15:16:42', 0.1000, NULL, NULL, NULL),
(95, 47, 'Dichtheit prüfen', 'Dichtheit prüfen an Drucklufttrockner 01 (DL-TR-01).', 'produktiv', 1000, 3273, NULL, 0, NULL, NULL, 'bar', 1, '2025-12-26 08:00:00', '2026-02-27 15:16:42', 0.1000, NULL, NULL, NULL),
(96, 47, 'Dichtheit prüfen', 'Dichtheit prüfen an Drucklufttrockner 01 (DL-TR-01).', 'zeit', 14, NULL, '2026-02-17 13:00:00', 1, NULL, NULL, 'bar', 1, '2025-12-26 08:00:00', '2026-02-27 15:16:42', 0.1000, NULL, NULL, NULL),
(97, 48, 'Schmierung prüfen', 'Schmierung prüfen an Drucklufttrockner 02 (DL-TR-02).', 'zeit', 14, NULL, '2026-02-25 16:00:00', 0, NULL, NULL, NULL, 1, '2025-12-26 08:00:00', '2026-02-27 15:16:42', 0.1000, NULL, NULL, NULL),
(98, 48, 'Funktionstest Sicherheit', 'Funktionstest Sicherheit an Drucklufttrockner 02 (DL-TR-02).', 'produktiv', 1000, 4146.1, NULL, 0, NULL, NULL, NULL, 1, '2025-12-26 08:00:00', '2026-02-27 15:16:42', 0.1000, NULL, NULL, NULL),
(99, 49, 'Schmierung prüfen', 'Schmierung prüfen an Druckluftfilterstation (DL-FI-01).', 'produktiv', 500, 4420, NULL, 0, NULL, NULL, NULL, 1, '2025-12-26 08:00:00', '2026-02-27 15:16:42', 0.1000, NULL, NULL, NULL),
(100, 49, 'Funktionstest Sicherheit', 'Funktionstest Sicherheit an Druckluftfilterstation (DL-FI-01).', 'zeit', 14, NULL, '2026-01-19 11:00:00', 0, NULL, NULL, NULL, 1, '2025-12-26 08:00:00', '2026-02-27 15:16:42', 0.1000, NULL, NULL, NULL),
(101, 50, 'Filter prüfen/wechseln', 'Filter prüfen/wechseln an Druckluftbehälter / Druckregelung (DL-BE-01).', 'zeit', 14, NULL, '2026-01-16 10:00:00', 1, 0, NULL, NULL, 1, '2025-12-26 08:00:00', '2026-02-27 15:16:42', 0.1000, NULL, NULL, NULL),
(102, 50, 'Sichtprüfung / Reinigung', 'Sichtprüfung / Reinigung an Druckluftbehälter / Druckregelung (DL-BE-01).', 'produktiv', 1000, 1282.6, NULL, 0, NULL, NULL, NULL, 1, '2025-12-26 08:00:00', '2026-02-27 15:16:42', 0.1000, NULL, NULL, NULL),
(103, 51, 'Funktionstest Sicherheit', 'Funktionstest Sicherheit an VE-Anlage (Wasseraufbereitung) (VE-01).', 'produktiv', 500, 3264.9, NULL, 0, NULL, NULL, NULL, 1, '2025-12-26 08:00:00', '2026-02-27 15:16:42', 0.1000, NULL, NULL, NULL),
(104, 52, 'Sichtprüfung / Reinigung', 'Sichtprüfung / Reinigung an KSM Befüllanlage (Zentral) (KSM-01).', 'produktiv', 500, 2949.6, NULL, 1, 0, NULL, NULL, 1, '2025-12-26 08:00:00', '2026-02-27 15:16:42', 0.1000, NULL, NULL, NULL),
(105, 53, 'Funktionstest Sicherheit', 'Funktionstest Sicherheit an KSM Messanlage (pH/Leitfähigkeit) (KSM-02).', 'produktiv', 1000, 1427.5, NULL, 1, NULL, NULL, NULL, 1, '2025-12-26 08:00:00', '2026-02-27 15:16:42', 0.1000, NULL, NULL, NULL),
(106, 54, 'Sichtprüfung / Reinigung', 'Sichtprüfung / Reinigung an KSM Tank + Förderpumpe (KSM-03).', 'produktiv', 250, 3740.1, NULL, 0, NULL, NULL, NULL, 1, '2025-12-26 08:00:00', '2026-02-27 15:16:42', 0.1000, NULL, NULL, NULL),
(107, 55, 'Schmierung prüfen', 'Schmierung prüfen an KSM Filtration / Nebenstromfilter (KSM-04).', 'zeit', 7, NULL, '2026-01-12 15:00:00', 0, NULL, NULL, NULL, 1, '2025-12-26 08:00:00', '2026-02-27 15:16:42', 0.1000, NULL, NULL, NULL),
(108, 56, 'Schmierung prüfen', 'Schmierung prüfen an Späneförderer Linie A (FOE-01).', 'produktiv', 250, 323, NULL, 1, NULL, 90, NULL, 1, '2025-12-26 08:00:00', '2026-02-27 15:16:42', 0.1000, NULL, NULL, NULL),
(109, 57, 'Filter prüfen/wechseln', 'Filter prüfen/wechseln an Kühlmittelpumpe (Zentral) (PUM-01).', 'zeit', 30, NULL, '2026-01-03 16:00:00', 0, NULL, NULL, NULL, 1, '2025-12-26 08:00:00', '2026-02-27 15:16:42', 0.1000, NULL, NULL, NULL),
(110, 58, 'Sichtprüfung / Reinigung', 'Sichtprüfung / Reinigung an Hallenkran 3,2t (KR-01).', 'produktiv', 250, 2258.3, NULL, 0, NULL, NULL, NULL, 1, '2025-12-26 08:00:00', '2026-02-27 15:16:42', 0.1000, NULL, NULL, NULL),
(111, 59, 'Filter prüfen/wechseln', 'Filter prüfen/wechseln an Messplatz Fertigung (Schnellmessung) (MES-01).', 'zeit', 7, NULL, '2026-01-25 07:00:00', 0, NULL, NULL, NULL, 1, '2025-12-26 08:00:00', '2026-02-27 15:16:42', 0.1000, NULL, NULL, NULL),
(112, 60, 'Dichtheit prüfen', 'Dichtheit prüfen an Schutzgasversorgung / Verteiler (MED-01).', 'zeit', 14, NULL, '2026-02-15 15:00:00', 1, NULL, 8, 'bar', 1, '2025-12-26 08:00:00', '2026-02-27 15:16:42', 0.1000, NULL, NULL, NULL),
(113, 12, 'dfghdfghdfghdfghdfghdfgh', NULL, 'zeit', 1.2333333333333e25, NULL, NULL, 0, NULL, NULL, NULL, 1, '2026-02-25 20:16:45', '2026-02-27 15:16:42', 0.1000, NULL, NULL, NULL);

-- ---------------------------------------------------------------------
-- Seeds: stoerungstool_aktion
-- ---------------------------------------------------------------------
INSERT INTO `stoerungstool_aktion` (`id`, `ticket_id`, `datum`, `user_id`, `text`, `status_neu`, `arbeitszeit_min`, `created_at`) VALUES
(1, 1, '2025-12-26 18:04:00', 9, 'Ticket angenommen', 'angenommen', 25, '2025-12-26 18:04:00'),
(2, 1, '2025-12-26 19:14:00', 9, 'In Arbeit: Fehleranalyse begonnen', 'in_arbeit', 116, '2025-12-26 19:14:00'),
(3, 1, '2025-12-27 17:14:00', 9, 'Ersatzteil bestellt – wartend auf Lieferung', 'bestellt', 18, '2025-12-27 17:14:00'),
(4, 1, '2026-01-01 17:14:00', 9, 'Maßnahme durchgeführt, Funktionstest OK', 'erledigt', 26, '2026-01-01 17:14:00'),
(5, 1, '2026-01-02 19:14:00', 9, 'Ticket geschlossen', 'geschlossen', NULL, '2026-01-02 19:14:00'),
(6, 2, '2025-12-26 13:45:00', 3, 'Ticket angenommen', 'angenommen', 13, '2025-12-26 13:45:00'),
(7, 2, '2025-12-26 16:23:00', 3, 'In Arbeit: Fehleranalyse begonnen', 'in_arbeit', 112, '2025-12-26 16:23:00'),
(8, 2, '2025-12-26 22:23:00', 4, 'Ersatzteil bestellt – wartend auf Lieferung', 'bestellt', 21, '2025-12-26 22:23:00'),
(9, 2, '2025-12-27 22:23:00', 3, 'Maßnahme durchgeführt, Funktionstest OK', 'erledigt', 170, '2025-12-27 22:23:00'),
(10, 2, '2025-12-28 19:23:00', 2, 'Ticket geschlossen', 'geschlossen', NULL, '2025-12-28 19:23:00'),
(11, 3, '2025-12-26 14:13:00', 9, 'Ticket angenommen', 'angenommen', 9, '2025-12-26 14:13:00'),
(12, 3, '2025-12-26 15:15:00', 3, 'In Arbeit: Fehleranalyse begonnen', 'in_arbeit', 99, '2025-12-26 15:15:00'),
(13, 3, '2025-12-27 07:15:00', 3, 'Ersatzteil bestellt – wartend auf Lieferung', 'bestellt', 22, '2025-12-27 07:15:00'),
(14, 3, '2025-12-29 07:15:00', 4, 'Maßnahme durchgeführt, Funktionstest OK', 'erledigt', 77, '2025-12-29 07:15:00'),
(15, 3, '2025-12-30 18:15:00', 9, 'Ticket geschlossen', 'geschlossen', NULL, '2025-12-30 18:15:00'),
(16, 4, '2025-12-27 17:23:00', 2, 'Ticket angenommen', 'angenommen', 5, '2025-12-27 17:23:00'),
(17, 4, '2025-12-27 18:11:00', 2, 'In Arbeit: Fehleranalyse begonnen', 'in_arbeit', 105, '2025-12-27 18:11:00'),
(18, 4, '2025-12-28 15:11:00', 2, 'Ersatzteil bestellt – wartend auf Lieferung', 'bestellt', 6, '2025-12-28 15:11:00'),
(19, 4, '2025-12-30 15:11:00', 2, 'Maßnahme durchgeführt, Funktionstest OK', 'erledigt', 27, '2025-12-30 15:11:00'),
(20, 4, '2025-12-30 19:11:00', 2, 'Ticket geschlossen', 'geschlossen', NULL, '2025-12-30 19:11:00'),
(21, 5, '2025-12-27 11:29:00', 4, 'Ticket angenommen', 'angenommen', 8, '2025-12-27 11:29:00'),
(22, 5, '2025-12-27 12:23:00', 4, 'In Arbeit: Fehleranalyse begonnen', 'in_arbeit', 99, '2025-12-27 12:23:00'),
(23, 5, '2025-12-28 02:23:00', 4, 'Ersatzteil bestellt – wartend auf Lieferung', 'bestellt', 16, '2025-12-28 02:23:00'),
(24, 5, '2026-01-01 02:23:00', 4, 'Maßnahme durchgeführt, Funktionstest OK', 'erledigt', 115, '2026-01-01 02:23:00'),
(25, 5, '2026-01-02 09:23:00', 4, 'Ticket geschlossen', 'geschlossen', NULL, '2026-01-02 09:23:00'),
(26, 6, '2025-12-27 18:02:00', 2, 'Ticket angenommen', 'angenommen', 9, '2025-12-27 18:02:00'),
(27, 6, '2025-12-27 20:20:00', 2, 'In Arbeit: Fehleranalyse begonnen', 'in_arbeit', 38, '2025-12-27 20:20:00'),
(28, 6, '2025-12-28 05:20:00', 2, 'Ersatzteil bestellt – wartend auf Lieferung', 'bestellt', 19, '2025-12-28 05:20:00'),
(29, 7, '2025-12-28 08:37:00', 3, 'Ticket angenommen', 'angenommen', 20, '2025-12-28 08:37:00'),
(30, 7, '2025-12-28 10:01:00', 3, 'In Arbeit: Fehleranalyse begonnen', 'in_arbeit', 66, '2025-12-28 10:01:00'),
(31, 7, '2025-12-28 12:01:00', 3, 'Ersatzteil bestellt – wartend auf Lieferung', 'bestellt', 10, '2025-12-28 12:01:00'),
(32, 7, '2026-01-01 12:01:00', 3, 'Maßnahme durchgeführt, Funktionstest OK', 'erledigt', 10, '2026-01-01 12:01:00'),
(33, 7, '2026-01-02 14:01:00', 4, 'Ticket geschlossen', 'geschlossen', NULL, '2026-01-02 14:01:00'),
(34, 8, '2025-12-28 15:59:00', 2, 'Ticket angenommen', 'angenommen', 21, '2025-12-28 15:59:00'),
(35, 8, '2025-12-28 17:09:00', 3, 'In Arbeit: Fehleranalyse begonnen', 'in_arbeit', 22, '2025-12-28 17:09:00'),
(36, 8, '2025-12-29 10:09:00', 9, 'Ersatzteil bestellt – wartend auf Lieferung', 'bestellt', 7, '2025-12-29 10:09:00'),
(37, 8, '2025-12-31 10:09:00', 2, 'Maßnahme durchgeführt, Funktionstest OK', 'erledigt', 27, '2025-12-31 10:09:00'),
(38, 8, '2026-01-02 02:09:00', 3, 'Ticket geschlossen', 'geschlossen', NULL, '2026-01-02 02:09:00'),
(39, 9, '2025-12-29 08:07:00', 2, 'Ticket angenommen', 'angenommen', 14, '2025-12-29 08:07:00'),
(40, 9, '2025-12-29 10:34:00', 2, 'In Arbeit: Fehleranalyse begonnen', 'in_arbeit', 55, '2025-12-29 10:34:00'),
(41, 9, '2025-12-29 13:34:00', 3, 'Ersatzteil bestellt – wartend auf Lieferung', 'bestellt', 5, '2025-12-29 13:34:00'),
(42, 9, '2026-01-02 13:34:00', 4, 'Maßnahme durchgeführt, Funktionstest OK', 'erledigt', 169, '2026-01-02 13:34:00'),
(43, 9, '2026-01-04 03:34:00', 3, 'Ticket geschlossen', 'geschlossen', NULL, '2026-01-04 03:34:00'),
(44, 10, '2025-12-29 07:28:00', 4, 'Ticket angenommen', 'angenommen', 9, '2025-12-29 07:28:00'),
(45, 10, '2025-12-29 09:05:00', 3, 'In Arbeit: Fehleranalyse begonnen', 'in_arbeit', 29, '2025-12-29 09:05:00'),
(46, 10, '2025-12-29 13:05:00', 4, 'Ersatzteil bestellt – wartend auf Lieferung', 'bestellt', 28, '2025-12-29 13:05:00'),
(47, 10, '2026-01-03 13:05:00', 3, 'Maßnahme durchgeführt, Funktionstest OK', 'erledigt', 49, '2026-01-03 13:05:00'),
(48, 10, '2026-01-04 08:05:00', 4, 'Ticket geschlossen', 'geschlossen', NULL, '2026-01-04 08:05:00'),
(49, 11, '2025-12-29 10:14:00', 3, 'Ticket angenommen', 'angenommen', 9, '2025-12-29 10:14:00'),
(50, 11, '2025-12-29 13:03:00', 2, 'In Arbeit: Fehleranalyse begonnen', 'in_arbeit', 19, '2025-12-29 13:03:00'),
(51, 11, '2025-12-30 01:03:00', 4, 'Ersatzteil bestellt – wartend auf Lieferung', 'bestellt', 23, '2025-12-30 01:03:00'),
(52, 11, '2026-01-04 01:03:00', 4, 'Maßnahme durchgeführt, Funktionstest OK', 'erledigt', 47, '2026-01-04 01:03:00'),
(53, 11, '2026-01-05 06:03:00', 2, 'Ticket geschlossen', 'geschlossen', NULL, '2026-01-05 06:03:00'),
(54, 12, '2025-12-30 10:17:00', 3, 'Ticket angenommen', 'angenommen', 18, '2025-12-30 10:17:00'),
(55, 12, '2025-12-30 10:53:00', 2, 'In Arbeit: Fehleranalyse begonnen', 'in_arbeit', 37, '2025-12-30 10:53:00'),
(56, 12, '2025-12-31 10:53:00', 9, 'Ersatzteil bestellt – wartend auf Lieferung', 'bestellt', 15, '2025-12-31 10:53:00'),
(57, 12, '2026-01-04 10:53:00', 2, 'Maßnahme durchgeführt, Funktionstest OK', 'erledigt', 73, '2026-01-04 10:53:00'),
(58, 12, '2026-01-05 05:53:00', 9, 'Ticket geschlossen', 'geschlossen', NULL, '2026-01-05 05:53:00'),
(59, 13, '2025-12-31 09:57:00', 4, 'Ticket angenommen', 'angenommen', 13, '2025-12-31 09:57:00'),
(60, 13, '2025-12-31 10:44:00', 4, 'In Arbeit: Fehleranalyse begonnen', 'in_arbeit', 113, '2025-12-31 10:44:00'),
(61, 13, '2025-12-31 19:44:00', 3, 'Ersatzteil bestellt – wartend auf Lieferung', 'bestellt', 16, '2025-12-31 19:44:00'),
(62, 13, '2026-01-06 19:44:00', 2, 'Maßnahme durchgeführt, Funktionstest OK', 'erledigt', 140, '2026-01-06 19:44:00'),
(63, 13, '2026-01-07 22:44:00', 2, 'Ticket geschlossen', 'geschlossen', NULL, '2026-01-07 22:44:00'),
(64, 14, '2025-12-31 10:39:00', 4, 'Ticket angenommen', 'angenommen', 13, '2025-12-31 10:39:00'),
(65, 14, '2025-12-31 11:20:00', 4, 'In Arbeit: Fehleranalyse begonnen', 'in_arbeit', 105, '2025-12-31 11:20:00'),
(66, 14, '2026-01-01 01:20:00', 4, 'Ersatzteil bestellt – wartend auf Lieferung', 'bestellt', 5, '2026-01-01 01:20:00'),
(67, 15, '2026-01-01 15:33:00', 3, 'Ticket angenommen', 'angenommen', 21, '2026-01-01 15:33:00'),
(68, 15, '2026-01-01 17:22:00', 3, 'In Arbeit: Fehleranalyse begonnen', 'in_arbeit', 100, '2026-01-01 17:22:00'),
(69, 15, '2026-01-02 07:22:00', 9, 'Ersatzteil bestellt – wartend auf Lieferung', 'bestellt', 15, '2026-01-02 07:22:00'),
(70, 15, '2026-01-06 07:22:00', 9, 'Maßnahme durchgeführt, Funktionstest OK', 'erledigt', 85, '2026-01-06 07:22:00'),
(71, 15, '2026-01-07 20:22:00', 3, 'Ticket geschlossen', 'geschlossen', NULL, '2026-01-07 20:22:00'),
(72, 16, '2026-01-01 11:02:00', 4, 'Ticket angenommen', 'angenommen', 21, '2026-01-01 11:02:00'),
(73, 16, '2026-01-01 13:33:00', 2, 'In Arbeit: Fehleranalyse begonnen', 'in_arbeit', 116, '2026-01-01 13:33:00'),
(74, 16, '2026-01-02 13:33:00', 3, 'Ersatzteil bestellt – wartend auf Lieferung', 'bestellt', 10, '2026-01-02 13:33:00'),
(75, 16, '2026-01-08 13:33:00', 4, 'Maßnahme durchgeführt, Funktionstest OK', 'erledigt', 31, '2026-01-08 13:33:00'),
(76, 16, '2026-01-09 09:33:00', 3, 'Ticket geschlossen', 'geschlossen', NULL, '2026-01-09 09:33:00'),
(77, 17, '2026-01-01 09:28:00', 2, 'Ticket angenommen', 'angenommen', 5, '2026-01-01 09:28:00'),
(78, 17, '2026-01-01 10:25:00', 3, 'In Arbeit: Fehleranalyse begonnen', 'in_arbeit', 114, '2026-01-01 10:25:00'),
(79, 17, '2026-01-02 00:25:00', 2, 'Ersatzteil bestellt – wartend auf Lieferung', 'bestellt', 12, '2026-01-02 00:25:00'),
(80, 17, '2026-01-04 00:25:00', 9, 'Maßnahme durchgeführt, Funktionstest OK', 'erledigt', 142, '2026-01-04 00:25:00'),
(81, 17, '2026-01-05 07:25:00', 3, 'Ticket geschlossen', 'geschlossen', NULL, '2026-01-05 07:25:00'),
(82, 18, '2026-01-01 17:16:00', 9, 'Ticket angenommen', 'angenommen', 25, '2026-01-01 17:16:00'),
(83, 18, '2026-01-01 18:56:00', 2, 'In Arbeit: Fehleranalyse begonnen', 'in_arbeit', 113, '2026-01-01 18:56:00'),
(84, 18, '2026-01-02 11:56:00', 4, 'Ersatzteil bestellt – wartend auf Lieferung', 'bestellt', 20, '2026-01-02 11:56:00'),
(85, 18, '2026-01-08 11:56:00', 3, 'Maßnahme durchgeführt, Funktionstest OK', 'erledigt', 71, '2026-01-08 11:56:00'),
(86, 18, '2026-01-09 06:56:00', 4, 'Ticket geschlossen', 'geschlossen', NULL, '2026-01-09 06:56:00'),
(87, 19, '2026-01-02 14:54:00', 4, 'Ticket angenommen', 'angenommen', 23, '2026-01-02 14:54:00'),
(88, 19, '2026-01-02 15:29:00', 9, 'In Arbeit: Fehleranalyse begonnen', 'in_arbeit', 112, '2026-01-02 15:29:00'),
(89, 19, '2026-01-03 10:29:00', 9, 'Ersatzteil bestellt – wartend auf Lieferung', 'bestellt', 17, '2026-01-03 10:29:00'),
(90, 19, '2026-01-07 10:29:00', 3, 'Maßnahme durchgeführt, Funktionstest OK', 'erledigt', 11, '2026-01-07 10:29:00'),
(91, 19, '2026-01-08 10:29:00', 9, 'Ticket geschlossen', 'geschlossen', NULL, '2026-01-08 10:29:00'),
(92, 20, '2026-01-03 10:33:00', 3, 'Ticket angenommen', 'angenommen', 5, '2026-01-03 10:33:00'),
(93, 20, '2026-01-03 12:43:00', 3, 'In Arbeit: Fehleranalyse begonnen', 'in_arbeit', 90, '2026-01-03 12:43:00'),
(94, 20, '2026-01-04 07:43:00', 3, 'Ersatzteil bestellt – wartend auf Lieferung', 'bestellt', 26, '2026-01-04 07:43:00'),
(95, 20, '2026-01-05 07:43:00', 3, 'Maßnahme durchgeführt, Funktionstest OK', 'erledigt', 31, '2026-01-05 07:43:00'),
(96, 20, '2026-01-07 02:43:00', 3, 'Ticket geschlossen', 'geschlossen', NULL, '2026-01-07 02:43:00'),
(97, 21, '2026-01-03 13:21:00', 3, 'Ticket angenommen', 'angenommen', 16, '2026-01-03 13:21:00'),
(98, 21, '2026-01-03 14:48:00', 3, 'In Arbeit: Fehleranalyse begonnen', 'in_arbeit', 98, '2026-01-03 14:48:00'),
(99, 21, '2026-01-03 17:48:00', 2, 'Ersatzteil bestellt – wartend auf Lieferung', 'bestellt', 29, '2026-01-03 17:48:00'),
(100, 21, '2026-01-09 17:48:00', 3, 'Maßnahme durchgeführt, Funktionstest OK', 'erledigt', 20, '2026-01-09 17:48:00'),
(101, 22, '2026-01-03 14:34:00', 3, 'Ticket angenommen', 'angenommen', 23, '2026-01-03 14:34:00'),
(102, 22, '2026-01-03 16:40:00', 2, 'In Arbeit: Fehleranalyse begonnen', 'in_arbeit', 65, '2026-01-03 16:40:00'),
(103, 22, '2026-01-04 15:40:00', 4, 'Ersatzteil bestellt – wartend auf Lieferung', 'bestellt', 11, '2026-01-04 15:40:00'),
(104, 22, '2026-01-05 15:40:00', 2, 'Maßnahme durchgeführt, Funktionstest OK', 'erledigt', 161, '2026-01-05 15:40:00'),
(105, 22, '2026-01-07 13:40:00', 2, 'Ticket geschlossen', 'geschlossen', NULL, '2026-01-07 13:40:00'),
(106, 23, '2026-01-04 14:18:00', 4, 'Ticket angenommen', 'angenommen', 13, '2026-01-04 14:18:00'),
(107, 23, '2026-01-04 17:05:00', 3, 'In Arbeit: Fehleranalyse begonnen', 'in_arbeit', 114, '2026-01-04 17:05:00'),
(108, 23, '2026-01-05 09:05:00', 2, 'Ersatzteil bestellt – wartend auf Lieferung', 'bestellt', 19, '2026-01-05 09:05:00'),
(109, 23, '2026-01-09 09:05:00', 4, 'Maßnahme durchgeführt, Funktionstest OK', 'erledigt', 161, '2026-01-09 09:05:00'),
(110, 23, '2026-01-10 04:05:00', 9, 'Ticket geschlossen', 'geschlossen', NULL, '2026-01-10 04:05:00'),
(111, 24, '2026-01-04 14:20:00', 3, 'Ticket angenommen', 'angenommen', 22, '2026-01-04 14:20:00'),
(112, 24, '2026-01-04 14:52:00', 9, 'In Arbeit: Fehleranalyse begonnen', 'in_arbeit', 81, '2026-01-04 14:52:00'),
(113, 24, '2026-01-04 21:52:00', 9, 'Ersatzteil bestellt – wartend auf Lieferung', 'bestellt', 7, '2026-01-04 21:52:00'),
(114, 24, '2026-01-06 21:52:00', 9, 'Maßnahme durchgeführt, Funktionstest OK', 'erledigt', 114, '2026-01-06 21:52:00'),
(115, 24, '2026-01-08 06:52:00', 2, 'Ticket geschlossen', 'geschlossen', NULL, '2026-01-08 06:52:00'),
(116, 25, '2026-01-04 10:14:00', 3, 'Ticket angenommen', 'angenommen', 13, '2026-01-04 10:14:00'),
(117, 25, '2026-01-04 11:43:00', 3, 'In Arbeit: Fehleranalyse begonnen', 'in_arbeit', 30, '2026-01-04 11:43:00'),
(118, 25, '2026-01-05 11:43:00', 3, 'Ersatzteil bestellt – wartend auf Lieferung', 'bestellt', 11, '2026-01-05 11:43:00'),
(119, 25, '2026-01-08 11:43:00', 9, 'Maßnahme durchgeführt, Funktionstest OK', 'erledigt', 40, '2026-01-08 11:43:00'),
(120, 25, '2026-01-09 23:43:00', 4, 'Ticket geschlossen', 'geschlossen', NULL, '2026-01-09 23:43:00'),
(121, 26, '2026-01-05 18:23:00', 4, 'Ticket angenommen', 'angenommen', 5, '2026-01-05 18:23:00'),
(122, 26, '2026-01-05 21:09:00', 2, 'In Arbeit: Fehleranalyse begonnen', 'in_arbeit', 31, '2026-01-05 21:09:00'),
(123, 26, '2026-01-06 06:09:00', 4, 'Ersatzteil bestellt – wartend auf Lieferung', 'bestellt', 6, '2026-01-06 06:09:00'),
(124, 26, '2026-01-07 06:09:00', 3, 'Maßnahme durchgeführt, Funktionstest OK', 'erledigt', 151, '2026-01-07 06:09:00'),
(125, 26, '2026-01-08 02:09:00', 2, 'Ticket geschlossen', 'geschlossen', NULL, '2026-01-08 02:09:00'),
(126, 27, '2026-01-05 16:45:00', 9, 'Ticket angenommen', 'angenommen', 6, '2026-01-05 16:45:00'),
(127, 27, '2026-01-05 17:53:00', 3, 'In Arbeit: Fehleranalyse begonnen', 'in_arbeit', 34, '2026-01-05 17:53:00'),
(128, 27, '2026-01-06 12:53:00', 9, 'Ersatzteil bestellt – wartend auf Lieferung', 'bestellt', 14, '2026-01-06 12:53:00'),
(129, 27, '2026-01-07 12:53:00', 9, 'Maßnahme durchgeführt, Funktionstest OK', 'erledigt', 73, '2026-01-07 12:53:00'),
(130, 27, '2026-01-07 21:53:00', 9, 'Ticket geschlossen', 'geschlossen', NULL, '2026-01-07 21:53:00'),
(131, 28, '2026-01-05 15:55:00', 3, 'Ticket angenommen', 'angenommen', 5, '2026-01-05 15:55:00'),
(132, 28, '2026-01-05 18:09:00', 4, 'In Arbeit: Fehleranalyse begonnen', 'in_arbeit', 72, '2026-01-05 18:09:00'),
(133, 28, '2026-01-06 17:09:00', 4, 'Ersatzteil bestellt – wartend auf Lieferung', 'bestellt', 24, '2026-01-06 17:09:00'),
(134, 28, '2026-01-10 17:09:00', 9, 'Maßnahme durchgeführt, Funktionstest OK', 'erledigt', 84, '2026-01-10 17:09:00'),
(135, 28, '2026-01-10 21:09:00', 2, 'Ticket geschlossen', 'geschlossen', NULL, '2026-01-10 21:09:00'),
(136, 29, '2026-01-06 11:34:00', 9, 'Ticket angenommen', 'angenommen', 24, '2026-01-06 11:34:00'),
(137, 29, '2026-01-06 14:29:00', 4, 'In Arbeit: Fehleranalyse begonnen', 'in_arbeit', 51, '2026-01-06 14:29:00'),
(138, 29, '2026-01-07 05:29:00', 9, 'Ersatzteil bestellt – wartend auf Lieferung', 'bestellt', 8, '2026-01-07 05:29:00'),
(139, 29, '2026-01-11 05:29:00', 9, 'Maßnahme durchgeführt, Funktionstest OK', 'erledigt', 87, '2026-01-11 05:29:00'),
(140, 29, '2026-01-13 03:29:00', 2, 'Ticket geschlossen', 'geschlossen', NULL, '2026-01-13 03:29:00'),
(141, 30, '2026-01-07 13:55:00', 2, 'Ticket angenommen', 'angenommen', 21, '2026-01-07 13:55:00'),
(142, 30, '2026-01-07 16:18:00', 9, 'In Arbeit: Fehleranalyse begonnen', 'in_arbeit', 50, '2026-01-07 16:18:00'),
(143, 30, '2026-01-07 22:18:00', 4, 'Ersatzteil bestellt – wartend auf Lieferung', 'bestellt', 23, '2026-01-07 22:18:00'),
(144, 30, '2026-01-11 22:18:00', 9, 'Maßnahme durchgeführt, Funktionstest OK', 'erledigt', 172, '2026-01-11 22:18:00'),
(145, 31, '2026-01-07 16:19:00', 2, 'Ticket angenommen', 'angenommen', 17, '2026-01-07 16:19:00'),
(146, 31, '2026-01-07 19:00:00', 3, 'In Arbeit: Fehleranalyse begonnen', 'in_arbeit', 120, '2026-01-07 19:00:00'),
(147, 31, '2026-01-07 20:00:00', 4, 'Ersatzteil bestellt – wartend auf Lieferung', 'bestellt', 26, '2026-01-07 20:00:00'),
(148, 31, '2026-01-12 20:00:00', 9, 'Maßnahme durchgeführt, Funktionstest OK', 'erledigt', 128, '2026-01-12 20:00:00'),
(149, 31, '2026-01-14 00:00:00', 9, 'Ticket geschlossen', 'geschlossen', NULL, '2026-01-14 00:00:00'),
(150, 32, '2026-01-07 10:35:00', 9, 'Ticket angenommen', 'angenommen', 18, '2026-01-07 10:35:00'),
(151, 32, '2026-01-07 11:28:00', 4, 'In Arbeit: Fehleranalyse begonnen', 'in_arbeit', 43, '2026-01-07 11:28:00'),
(152, 32, '2026-01-07 15:28:00', 4, 'Ersatzteil bestellt – wartend auf Lieferung', 'bestellt', 19, '2026-01-07 15:28:00'),
(153, 32, '2026-01-08 15:28:00', 9, 'Maßnahme durchgeführt, Funktionstest OK', 'erledigt', 175, '2026-01-08 15:28:00'),
(154, 32, '2026-01-09 02:28:00', 9, 'Ticket geschlossen', 'geschlossen', NULL, '2026-01-09 02:28:00'),
(155, 33, '2026-01-07 10:09:00', 3, 'Ticket angenommen', 'angenommen', 5, '2026-01-07 10:09:00'),
(156, 33, '2026-01-07 11:51:00', 9, 'In Arbeit: Fehleranalyse begonnen', 'in_arbeit', 107, '2026-01-07 11:51:00'),
(157, 33, '2026-01-07 21:51:00', 9, 'Ersatzteil bestellt – wartend auf Lieferung', 'bestellt', 23, '2026-01-07 21:51:00'),
(158, 33, '2026-01-12 21:51:00', 4, 'Maßnahme durchgeführt, Funktionstest OK', 'erledigt', 178, '2026-01-12 21:51:00'),
(159, 33, '2026-01-14 06:51:00', 4, 'Ticket geschlossen', 'geschlossen', NULL, '2026-01-14 06:51:00'),
(160, 34, '2026-01-08 15:45:00', 4, 'Ticket angenommen', 'angenommen', 17, '2026-01-08 15:45:00'),
(161, 34, '2026-01-08 17:53:00', 4, 'In Arbeit: Fehleranalyse begonnen', 'in_arbeit', 99, '2026-01-08 17:53:00'),
(162, 34, '2026-01-09 14:53:00', 4, 'Ersatzteil bestellt – wartend auf Lieferung', 'bestellt', 9, '2026-01-09 14:53:00'),
(163, 34, '2026-01-13 14:53:00', 4, 'Maßnahme durchgeführt, Funktionstest OK', 'erledigt', 19, '2026-01-13 14:53:00'),
(164, 34, '2026-01-14 00:53:00', 4, 'Ticket geschlossen', 'geschlossen', NULL, '2026-01-14 00:53:00'),
(165, 35, '2026-01-09 16:08:00', 3, 'Ticket angenommen', 'angenommen', 9, '2026-01-09 16:08:00'),
(166, 35, '2026-01-09 16:57:00', 3, 'In Arbeit: Fehleranalyse begonnen', 'in_arbeit', 75, '2026-01-09 16:57:00'),
(167, 35, '2026-01-10 01:57:00', 3, 'Ersatzteil bestellt – wartend auf Lieferung', 'bestellt', 15, '2026-01-10 01:57:00'),
(168, 35, '2026-01-15 01:57:00', 3, 'Maßnahme durchgeführt, Funktionstest OK', 'erledigt', 111, '2026-01-15 01:57:00'),
(169, 35, '2026-01-16 20:57:00', 3, 'Ticket geschlossen', 'geschlossen', NULL, '2026-01-16 20:57:00'),
(170, 36, '2026-01-09 08:01:00', 2, 'Ticket angenommen', 'angenommen', 12, '2026-01-09 08:01:00'),
(171, 36, '2026-01-09 08:54:00', 4, 'In Arbeit: Fehleranalyse begonnen', 'in_arbeit', 70, '2026-01-09 08:54:00'),
(172, 36, '2026-01-09 12:54:00', 3, 'Ersatzteil bestellt – wartend auf Lieferung', 'bestellt', 29, '2026-01-09 12:54:00'),
(173, 36, '2026-01-15 12:54:00', 2, 'Maßnahme durchgeführt, Funktionstest OK', 'erledigt', 35, '2026-01-15 12:54:00'),
(174, 36, '2026-01-16 18:54:00', 2, 'Ticket geschlossen', 'geschlossen', NULL, '2026-01-16 18:54:00'),
(175, 37, '2026-01-09 12:23:00', 4, 'Ticket angenommen', 'angenommen', 17, '2026-01-09 12:23:00'),
(176, 37, '2026-01-09 13:54:00', 4, 'In Arbeit: Fehleranalyse begonnen', 'in_arbeit', 78, '2026-01-09 13:54:00'),
(177, 37, '2026-01-10 08:54:00', 4, 'Ersatzteil bestellt – wartend auf Lieferung', 'bestellt', 9, '2026-01-10 08:54:00'),
(178, 37, '2026-01-12 08:54:00', 4, 'Maßnahme durchgeführt, Funktionstest OK', 'erledigt', 128, '2026-01-12 08:54:00'),
(179, 38, '2026-01-09 11:27:00', 4, 'Ticket angenommen', 'angenommen', 19, '2026-01-09 11:27:00'),
(180, 38, '2026-01-09 13:14:00', 4, 'In Arbeit: Fehleranalyse begonnen', 'in_arbeit', 40, '2026-01-09 13:14:00'),
(181, 38, '2026-01-10 02:14:00', 4, 'Ersatzteil bestellt – wartend auf Lieferung', 'bestellt', 20, '2026-01-10 02:14:00'),
(182, 38, '2026-01-11 02:14:00', 2, 'Maßnahme durchgeführt, Funktionstest OK', 'erledigt', 70, '2026-01-11 02:14:00'),
(183, 38, '2026-01-12 04:14:00', 9, 'Ticket geschlossen', 'geschlossen', NULL, '2026-01-12 04:14:00'),
(184, 39, '2026-01-10 10:50:00', 2, 'Ticket angenommen', 'angenommen', 12, '2026-01-10 10:50:00'),
(185, 39, '2026-01-10 12:08:00', 2, 'In Arbeit: Fehleranalyse begonnen', 'in_arbeit', 94, '2026-01-10 12:08:00'),
(186, 39, '2026-01-10 21:08:00', 2, 'Ersatzteil bestellt – wartend auf Lieferung', 'bestellt', 26, '2026-01-10 21:08:00'),
(187, 39, '2026-01-16 21:08:00', 2, 'Maßnahme durchgeführt, Funktionstest OK', 'erledigt', 178, '2026-01-16 21:08:00'),
(188, 39, '2026-01-18 18:08:00', 2, 'Ticket geschlossen', 'geschlossen', NULL, '2026-01-18 18:08:00'),
(189, 40, '2026-01-11 16:30:00', 9, 'Ticket angenommen', 'angenommen', 9, '2026-01-11 16:30:00'),
(190, 40, '2026-01-11 19:18:00', 4, 'In Arbeit: Fehleranalyse begonnen', 'in_arbeit', 61, '2026-01-11 19:18:00'),
(191, 40, '2026-01-12 12:18:00', 4, 'Ersatzteil bestellt – wartend auf Lieferung', 'bestellt', 21, '2026-01-12 12:18:00'),
(192, 40, '2026-01-15 12:18:00', 2, 'Maßnahme durchgeführt, Funktionstest OK', 'erledigt', 52, '2026-01-15 12:18:00'),
(193, 40, '2026-01-16 06:18:00', 9, 'Ticket geschlossen', 'geschlossen', NULL, '2026-01-16 06:18:00'),
(194, 41, '2026-01-11 08:30:00', 4, 'Ticket angenommen', 'angenommen', 19, '2026-01-11 08:30:00'),
(195, 41, '2026-01-11 10:34:00', 2, 'In Arbeit: Fehleranalyse begonnen', 'in_arbeit', 101, '2026-01-11 10:34:00'),
(196, 41, '2026-01-12 10:34:00', 3, 'Ersatzteil bestellt – wartend auf Lieferung', 'bestellt', 26, '2026-01-12 10:34:00'),
(197, 41, '2026-01-15 10:34:00', 9, 'Maßnahme durchgeführt, Funktionstest OK', 'erledigt', 159, '2026-01-15 10:34:00'),
(198, 41, '2026-01-16 12:34:00', 2, 'Ticket geschlossen', 'geschlossen', NULL, '2026-01-16 12:34:00'),
(199, 42, '2026-01-11 15:03:00', 4, 'Ticket angenommen', 'angenommen', 20, '2026-01-11 15:03:00'),
(200, 42, '2026-01-11 16:02:00', 9, 'In Arbeit: Fehleranalyse begonnen', 'in_arbeit', 27, '2026-01-11 16:02:00'),
(201, 42, '2026-01-12 00:02:00', 3, 'Ersatzteil bestellt – wartend auf Lieferung', 'bestellt', 22, '2026-01-12 00:02:00'),
(202, 42, '2026-01-14 00:02:00', 9, 'Maßnahme durchgeführt, Funktionstest OK', 'erledigt', 109, '2026-01-14 00:02:00'),
(203, 42, '2026-01-15 07:02:00', 2, 'Ticket geschlossen', 'geschlossen', NULL, '2026-01-15 07:02:00'),
(204, 43, '2026-01-12 14:32:00', 4, 'Ticket angenommen', 'angenommen', 22, '2026-01-12 14:32:00'),
(205, 43, '2026-01-12 16:33:00', 4, 'In Arbeit: Fehleranalyse begonnen', 'in_arbeit', 22, '2026-01-12 16:33:00'),
(206, 43, '2026-01-13 05:33:00', 4, 'Ersatzteil bestellt – wartend auf Lieferung', 'bestellt', 13, '2026-01-13 05:33:00'),
(207, 44, '2026-01-12 08:47:00', 9, 'Ticket angenommen', 'angenommen', 11, '2026-01-12 08:47:00'),
(208, 44, '2026-01-12 09:34:00', 9, 'In Arbeit: Fehleranalyse begonnen', 'in_arbeit', 112, '2026-01-12 09:34:00'),
(209, 44, '2026-01-13 03:34:00', 9, 'Ersatzteil bestellt – wartend auf Lieferung', 'bestellt', 11, '2026-01-13 03:34:00'),
(210, 44, '2026-01-18 03:34:00', 9, 'Maßnahme durchgeführt, Funktionstest OK', 'erledigt', 65, '2026-01-18 03:34:00'),
(211, 45, '2026-01-12 10:00:00', 2, 'Ticket angenommen', 'angenommen', 15, '2026-01-12 10:00:00'),
(212, 45, '2026-01-12 10:34:00', 2, 'In Arbeit: Fehleranalyse begonnen', 'in_arbeit', 37, '2026-01-12 10:34:00'),
(213, 45, '2026-01-12 19:34:00', 9, 'Ersatzteil bestellt – wartend auf Lieferung', 'bestellt', 6, '2026-01-12 19:34:00'),
(214, 45, '2026-01-14 19:34:00', 9, 'Maßnahme durchgeführt, Funktionstest OK', 'erledigt', 117, '2026-01-14 19:34:00'),
(215, 45, '2026-01-16 06:34:00', 4, 'Ticket geschlossen', 'geschlossen', NULL, '2026-01-16 06:34:00'),
(216, 46, '2026-01-13 07:48:00', 3, 'Ticket angenommen', 'angenommen', 20, '2026-01-13 07:48:00'),
(217, 46, '2026-01-13 10:11:00', 2, 'In Arbeit: Fehleranalyse begonnen', 'in_arbeit', 24, '2026-01-13 10:11:00'),
(218, 46, '2026-01-13 13:11:00', 3, 'Ersatzteil bestellt – wartend auf Lieferung', 'bestellt', 15, '2026-01-13 13:11:00'),
(219, 47, '2026-01-13 17:55:00', 9, 'Ticket angenommen', 'angenommen', 11, '2026-01-13 17:55:00'),
(220, 47, '2026-01-13 20:15:00', 2, 'In Arbeit: Fehleranalyse begonnen', 'in_arbeit', 72, '2026-01-13 20:15:00'),
(221, 47, '2026-01-14 04:15:00', 4, 'Ersatzteil bestellt – wartend auf Lieferung', 'bestellt', 18, '2026-01-14 04:15:00'),
(222, 47, '2026-01-17 04:15:00', 9, 'Maßnahme durchgeführt, Funktionstest OK', 'erledigt', 126, '2026-01-17 04:15:00'),
(223, 47, '2026-01-18 07:15:00', 4, 'Ticket geschlossen', 'geschlossen', NULL, '2026-01-18 07:15:00'),
(224, 48, '2026-01-14 12:26:00', 2, 'Ticket angenommen', 'angenommen', 15, '2026-01-14 12:26:00'),
(225, 48, '2026-01-14 13:27:00', 4, 'In Arbeit: Fehleranalyse begonnen', 'in_arbeit', 67, '2026-01-14 13:27:00'),
(226, 48, '2026-01-15 01:27:00', 4, 'Ersatzteil bestellt – wartend auf Lieferung', 'bestellt', 26, '2026-01-15 01:27:00'),
(227, 49, '2026-01-15 16:56:00', 3, 'Ticket angenommen', 'angenommen', 24, '2026-01-15 16:56:00'),
(228, 49, '2026-01-15 19:48:00', 4, 'In Arbeit: Fehleranalyse begonnen', 'in_arbeit', 18, '2026-01-15 19:48:00'),
(229, 49, '2026-01-16 15:48:00', 4, 'Ersatzteil bestellt – wartend auf Lieferung', 'bestellt', 26, '2026-01-16 15:48:00'),
(230, 49, '2026-01-22 15:48:00', 4, 'Maßnahme durchgeführt, Funktionstest OK', 'erledigt', 78, '2026-01-22 15:48:00'),
(231, 49, '2026-01-22 18:48:00', 4, 'Ticket geschlossen', 'geschlossen', NULL, '2026-01-22 18:48:00'),
(232, 50, '2026-01-16 07:08:00', 4, 'Ticket angenommen', 'angenommen', 19, '2026-01-16 07:08:00'),
(233, 50, '2026-01-16 09:05:00', 2, 'In Arbeit: Fehleranalyse begonnen', 'in_arbeit', 35, '2026-01-16 09:05:00'),
(234, 50, '2026-01-16 21:05:00', 2, 'Ersatzteil bestellt – wartend auf Lieferung', 'bestellt', 14, '2026-01-16 21:05:00'),
(235, 50, '2026-01-22 21:05:00', 2, 'Maßnahme durchgeführt, Funktionstest OK', 'erledigt', 93, '2026-01-22 21:05:00'),
(236, 50, '2026-01-24 11:05:00', 2, 'Ticket geschlossen', 'geschlossen', NULL, '2026-01-24 11:05:00'),
(237, 51, '2026-01-16 07:31:00', 2, 'Ticket angenommen', 'angenommen', 23, '2026-01-16 07:31:00'),
(238, 51, '2026-01-16 10:05:00', 2, 'In Arbeit: Fehleranalyse begonnen', 'in_arbeit', 82, '2026-01-16 10:05:00'),
(239, 51, '2026-01-17 08:05:00', 3, 'Ersatzteil bestellt – wartend auf Lieferung', 'bestellt', 14, '2026-01-17 08:05:00'),
(240, 51, '2026-01-18 08:05:00', 4, 'Maßnahme durchgeführt, Funktionstest OK', 'erledigt', 66, '2026-01-18 08:05:00'),
(241, 51, '2026-01-19 11:05:00', 3, 'Ticket geschlossen', 'geschlossen', NULL, '2026-01-19 11:05:00'),
(242, 52, '2026-01-17 11:10:00', 4, 'Ticket angenommen', 'angenommen', 7, '2026-01-17 11:10:00'),
(243, 52, '2026-01-17 13:21:00', 9, 'In Arbeit: Fehleranalyse begonnen', 'in_arbeit', 109, '2026-01-17 13:21:00'),
(244, 52, '2026-01-17 15:21:00', 9, 'Ersatzteil bestellt – wartend auf Lieferung', 'bestellt', 18, '2026-01-17 15:21:00'),
(245, 52, '2026-01-18 15:21:00', 9, 'Maßnahme durchgeführt, Funktionstest OK', 'erledigt', 127, '2026-01-18 15:21:00'),
(246, 52, '2026-01-18 21:21:00', 4, 'Ticket geschlossen', 'geschlossen', NULL, '2026-01-18 21:21:00'),
(247, 53, '2026-01-17 07:15:00', 2, 'Ticket angenommen', 'angenommen', 14, '2026-01-17 07:15:00'),
(248, 53, '2026-01-17 09:11:00', 3, 'In Arbeit: Fehleranalyse begonnen', 'in_arbeit', 43, '2026-01-17 09:11:00'),
(249, 53, '2026-01-17 20:11:00', 4, 'Ersatzteil bestellt – wartend auf Lieferung', 'bestellt', 29, '2026-01-17 20:11:00'),
(250, 53, '2026-01-19 20:11:00', 4, 'Maßnahme durchgeführt, Funktionstest OK', 'erledigt', 29, '2026-01-19 20:11:00'),
(251, 53, '2026-01-21 06:11:00', 3, 'Ticket geschlossen', 'geschlossen', NULL, '2026-01-21 06:11:00'),
(252, 54, '2026-01-17 09:37:00', 9, 'Ticket angenommen', 'angenommen', 25, '2026-01-17 09:37:00'),
(253, 54, '2026-01-17 11:29:00', 4, 'In Arbeit: Fehleranalyse begonnen', 'in_arbeit', 95, '2026-01-17 11:29:00'),
(254, 54, '2026-01-17 22:29:00', 4, 'Ersatzteil bestellt – wartend auf Lieferung', 'bestellt', 9, '2026-01-17 22:29:00'),
(255, 54, '2026-01-21 22:29:00', 2, 'Maßnahme durchgeführt, Funktionstest OK', 'erledigt', 27, '2026-01-21 22:29:00'),
(256, 55, '2026-01-18 08:35:00', 4, 'Ticket angenommen', 'angenommen', 6, '2026-01-18 08:35:00'),
(257, 55, '2026-01-18 11:00:00', 9, 'In Arbeit: Fehleranalyse begonnen', 'in_arbeit', 118, '2026-01-18 11:00:00'),
(258, 55, '2026-01-19 06:00:00', 3, 'Ersatzteil bestellt – wartend auf Lieferung', 'bestellt', 25, '2026-01-19 06:00:00'),
(259, 56, '2026-01-19 14:11:00', 2, 'Ticket angenommen', 'angenommen', 24, '2026-01-19 14:11:00'),
(260, 56, '2026-01-19 15:21:00', 4, 'In Arbeit: Fehleranalyse begonnen', 'in_arbeit', 61, '2026-01-19 15:21:00'),
(261, 56, '2026-01-20 03:21:00', 2, 'Ersatzteil bestellt – wartend auf Lieferung', 'bestellt', 14, '2026-01-20 03:21:00'),
(262, 56, '2026-01-24 03:21:00', 4, 'Maßnahme durchgeführt, Funktionstest OK', 'erledigt', 114, '2026-01-24 03:21:00'),
(263, 56, '2026-01-25 02:21:00', 2, 'Ticket geschlossen', 'geschlossen', NULL, '2026-01-25 02:21:00'),
(264, 57, '2026-01-19 13:49:00', 4, 'Ticket angenommen', 'angenommen', 17, '2026-01-19 13:49:00'),
(265, 57, '2026-01-19 14:52:00', 3, 'In Arbeit: Fehleranalyse begonnen', 'in_arbeit', 91, '2026-01-19 14:52:00'),
(266, 57, '2026-01-20 13:52:00', 2, 'Ersatzteil bestellt – wartend auf Lieferung', 'bestellt', 7, '2026-01-20 13:52:00'),
(267, 57, '2026-01-23 13:52:00', 9, 'Maßnahme durchgeführt, Funktionstest OK', 'erledigt', 153, '2026-01-23 13:52:00'),
(268, 57, '2026-01-24 15:52:00', 4, 'Ticket geschlossen', 'geschlossen', NULL, '2026-01-24 15:52:00'),
(269, 58, '2026-01-20 11:34:00', 9, 'Ticket angenommen', 'angenommen', 9, '2026-01-20 11:34:00'),
(270, 58, '2026-01-20 13:40:00', 2, 'In Arbeit: Fehleranalyse begonnen', 'in_arbeit', 34, '2026-01-20 13:40:00'),
(271, 58, '2026-01-20 19:40:00', 9, 'Ersatzteil bestellt – wartend auf Lieferung', 'bestellt', 10, '2026-01-20 19:40:00'),
(272, 58, '2026-01-26 19:40:00', 4, 'Maßnahme durchgeführt, Funktionstest OK', 'erledigt', 169, '2026-01-26 19:40:00'),
(273, 58, '2026-01-27 07:40:00', 3, 'Ticket geschlossen', 'geschlossen', NULL, '2026-01-27 07:40:00'),
(274, 59, '2026-01-21 14:21:00', 4, 'Ticket angenommen', 'angenommen', 17, '2026-01-21 14:21:00'),
(275, 59, '2026-01-21 16:59:00', 4, 'In Arbeit: Fehleranalyse begonnen', 'in_arbeit', 82, '2026-01-21 16:59:00'),
(276, 59, '2026-01-22 06:59:00', 4, 'Ersatzteil bestellt – wartend auf Lieferung', 'bestellt', 10, '2026-01-22 06:59:00'),
(277, 59, '2026-01-24 06:59:00', 4, 'Maßnahme durchgeführt, Funktionstest OK', 'erledigt', 164, '2026-01-24 06:59:00'),
(278, 59, '2026-01-24 16:59:00', 4, 'Ticket geschlossen', 'geschlossen', NULL, '2026-01-24 16:59:00'),
(279, 60, '2026-01-21 07:52:00', 9, 'Ticket angenommen', 'angenommen', 21, '2026-01-21 07:52:00'),
(280, 60, '2026-01-21 08:59:00', 2, 'In Arbeit: Fehleranalyse begonnen', 'in_arbeit', 70, '2026-01-21 08:59:00'),
(281, 60, '2026-01-21 11:59:00', 9, 'Ersatzteil bestellt – wartend auf Lieferung', 'bestellt', 12, '2026-01-21 11:59:00'),
(282, 60, '2026-01-25 11:59:00', 4, 'Maßnahme durchgeführt, Funktionstest OK', 'erledigt', 99, '2026-01-25 11:59:00'),
(283, 60, '2026-01-25 14:59:00', 3, 'Ticket geschlossen', 'geschlossen', NULL, '2026-01-25 14:59:00'),
(284, 61, '2026-01-21 08:25:00', 9, 'Ticket angenommen', 'angenommen', 19, '2026-01-21 08:25:00'),
(285, 61, '2026-01-21 08:56:00', 2, 'In Arbeit: Fehleranalyse begonnen', 'in_arbeit', 25, '2026-01-21 08:56:00'),
(286, 61, '2026-01-21 09:56:00', 4, 'Ersatzteil bestellt – wartend auf Lieferung', 'bestellt', 13, '2026-01-21 09:56:00'),
(287, 61, '2026-01-23 09:56:00', 3, 'Maßnahme durchgeführt, Funktionstest OK', 'erledigt', 48, '2026-01-23 09:56:00'),
(288, 61, '2026-01-24 22:56:00', 4, 'Ticket geschlossen', 'geschlossen', NULL, '2026-01-24 22:56:00'),
(289, 62, '2026-01-21 10:29:00', 2, 'Ticket angenommen', 'angenommen', 5, '2026-01-21 10:29:00'),
(290, 62, '2026-01-21 12:29:00', 4, 'In Arbeit: Fehleranalyse begonnen', 'in_arbeit', 45, '2026-01-21 12:29:00'),
(291, 62, '2026-01-22 07:29:00', 2, 'Ersatzteil bestellt – wartend auf Lieferung', 'bestellt', 18, '2026-01-22 07:29:00'),
(292, 62, '2026-01-24 07:29:00', 2, 'Maßnahme durchgeführt, Funktionstest OK', 'erledigt', 180, '2026-01-24 07:29:00'),
(293, 62, '2026-01-26 03:29:00', 9, 'Ticket geschlossen', 'geschlossen', NULL, '2026-01-26 03:29:00'),
(294, 63, '2026-01-22 14:29:00', 9, 'Ticket angenommen', 'angenommen', 25, '2026-01-22 14:29:00'),
(295, 63, '2026-01-22 15:25:00', 9, 'In Arbeit: Fehleranalyse begonnen', 'in_arbeit', 113, '2026-01-22 15:25:00'),
(296, 63, '2026-01-23 10:25:00', 9, 'Ersatzteil bestellt – wartend auf Lieferung', 'bestellt', 28, '2026-01-23 10:25:00'),
(297, 63, '2026-01-26 10:25:00', 9, 'Maßnahme durchgeführt, Funktionstest OK', 'erledigt', 44, '2026-01-26 10:25:00'),
(298, 63, '2026-01-26 14:25:00', 9, 'Ticket geschlossen', 'geschlossen', NULL, '2026-01-26 14:25:00'),
(299, 64, '2026-01-22 12:20:00', 2, 'Ticket angenommen', 'angenommen', 6, '2026-01-22 12:20:00'),
(300, 64, '2026-01-22 14:10:00', 3, 'In Arbeit: Fehleranalyse begonnen', 'in_arbeit', 54, '2026-01-22 14:10:00'),
(301, 64, '2026-01-23 07:10:00', 4, 'Ersatzteil bestellt – wartend auf Lieferung', 'bestellt', 17, '2026-01-23 07:10:00'),
(302, 64, '2026-01-28 07:10:00', 4, 'Maßnahme durchgeführt, Funktionstest OK', 'erledigt', 131, '2026-01-28 07:10:00'),
(303, 64, '2026-01-29 01:10:00', 2, 'Ticket geschlossen', 'geschlossen', NULL, '2026-01-29 01:10:00'),
(304, 65, '2026-01-22 12:31:00', 4, 'Ticket angenommen', 'angenommen', 13, '2026-01-22 12:31:00'),
(305, 65, '2026-01-22 13:22:00', 4, 'In Arbeit: Fehleranalyse begonnen', 'in_arbeit', 108, '2026-01-22 13:22:00'),
(306, 65, '2026-01-23 03:22:00', 2, 'Ersatzteil bestellt – wartend auf Lieferung', 'bestellt', 7, '2026-01-23 03:22:00'),
(307, 65, '2026-01-27 03:22:00', 2, 'Maßnahme durchgeführt, Funktionstest OK', 'erledigt', 164, '2026-01-27 03:22:00'),
(308, 65, '2026-01-27 16:22:00', 4, 'Ticket geschlossen', 'geschlossen', NULL, '2026-01-27 16:22:00'),
(309, 66, '2026-01-23 16:32:00', 4, 'Ticket angenommen', 'angenommen', 7, '2026-01-23 16:32:00'),
(310, 66, '2026-01-23 18:45:00', 4, 'In Arbeit: Fehleranalyse begonnen', 'in_arbeit', 61, '2026-01-23 18:45:00'),
(311, 66, '2026-01-24 11:45:00', 4, 'Ersatzteil bestellt – wartend auf Lieferung', 'bestellt', 30, '2026-01-24 11:45:00'),
(312, 66, '2026-01-30 11:45:00', 4, 'Maßnahme durchgeführt, Funktionstest OK', 'erledigt', 50, '2026-01-30 11:45:00'),
(313, 66, '2026-01-30 14:45:00', 4, 'Ticket geschlossen', 'geschlossen', NULL, '2026-01-30 14:45:00'),
(314, 67, '2026-01-23 16:42:00', 4, 'Ticket angenommen', 'angenommen', 19, '2026-01-23 16:42:00'),
(315, 67, '2026-01-23 17:31:00', 3, 'In Arbeit: Fehleranalyse begonnen', 'in_arbeit', 88, '2026-01-23 17:31:00'),
(316, 67, '2026-01-23 22:31:00', 2, 'Ersatzteil bestellt – wartend auf Lieferung', 'bestellt', 21, '2026-01-23 22:31:00'),
(317, 67, '2026-01-26 22:31:00', 2, 'Maßnahme durchgeführt, Funktionstest OK', 'erledigt', 111, '2026-01-26 22:31:00'),
(318, 68, '2026-01-23 13:54:00', 4, 'Ticket angenommen', 'angenommen', 19, '2026-01-23 13:54:00'),
(319, 68, '2026-01-23 15:08:00', 2, 'In Arbeit: Fehleranalyse begonnen', 'in_arbeit', 106, '2026-01-23 15:08:00'),
(320, 68, '2026-01-24 06:08:00', 4, 'Ersatzteil bestellt – wartend auf Lieferung', 'bestellt', 7, '2026-01-24 06:08:00'),
(321, 68, '2026-01-30 06:08:00', 4, 'Maßnahme durchgeführt, Funktionstest OK', 'erledigt', 91, '2026-01-30 06:08:00'),
(322, 69, '2026-01-23 18:42:00', 9, 'Ticket angenommen', 'angenommen', 19, '2026-01-23 18:42:00'),
(323, 69, '2026-01-23 21:33:00', 9, 'In Arbeit: Fehleranalyse begonnen', 'in_arbeit', 31, '2026-01-23 21:33:00'),
(324, 69, '2026-01-24 17:33:00', 9, 'Ersatzteil bestellt – wartend auf Lieferung', 'bestellt', 7, '2026-01-24 17:33:00'),
(325, 69, '2026-01-25 17:33:00', 2, 'Maßnahme durchgeführt, Funktionstest OK', 'erledigt', 89, '2026-01-25 17:33:00'),
(326, 69, '2026-01-26 20:33:00', 3, 'Ticket geschlossen', 'geschlossen', NULL, '2026-01-26 20:33:00'),
(327, 70, '2026-01-24 16:20:00', 4, 'Ticket angenommen', 'angenommen', 21, '2026-01-24 16:20:00'),
(328, 70, '2026-01-24 17:29:00', 2, 'In Arbeit: Fehleranalyse begonnen', 'in_arbeit', 53, '2026-01-24 17:29:00'),
(329, 70, '2026-01-24 23:29:00', 4, 'Ersatzteil bestellt – wartend auf Lieferung', 'bestellt', 10, '2026-01-24 23:29:00'),
(330, 70, '2026-01-27 23:29:00', 3, 'Maßnahme durchgeführt, Funktionstest OK', 'erledigt', 67, '2026-01-27 23:29:00'),
(331, 70, '2026-01-28 23:29:00', 4, 'Ticket geschlossen', 'geschlossen', NULL, '2026-01-28 23:29:00'),
(332, 71, '2026-01-24 10:55:00', 2, 'Ticket angenommen', 'angenommen', 6, '2026-01-24 10:55:00'),
(333, 71, '2026-01-24 13:52:00', 9, 'In Arbeit: Fehleranalyse begonnen', 'in_arbeit', 48, '2026-01-24 13:52:00'),
(334, 71, '2026-01-25 10:52:00', 4, 'Ersatzteil bestellt – wartend auf Lieferung', 'bestellt', 11, '2026-01-25 10:52:00'),
(335, 71, '2026-01-30 10:52:00', 4, 'Maßnahme durchgeführt, Funktionstest OK', 'erledigt', 116, '2026-01-30 10:52:00'),
(336, 72, '2026-01-24 17:19:00', 2, 'Ticket angenommen', 'angenommen', 17, '2026-01-24 17:19:00'),
(337, 72, '2026-01-24 18:22:00', 4, 'In Arbeit: Fehleranalyse begonnen', 'in_arbeit', 112, '2026-01-24 18:22:00'),
(338, 72, '2026-01-25 06:22:00', 3, 'Ersatzteil bestellt – wartend auf Lieferung', 'bestellt', 21, '2026-01-25 06:22:00'),
(339, 73, '2026-01-25 11:38:00', 2, 'Ticket angenommen', 'angenommen', 21, '2026-01-25 11:38:00'),
(340, 73, '2026-01-25 14:07:00', 9, 'In Arbeit: Fehleranalyse begonnen', 'in_arbeit', 78, '2026-01-25 14:07:00'),
(341, 73, '2026-01-26 00:07:00', 9, 'Ersatzteil bestellt – wartend auf Lieferung', 'bestellt', 20, '2026-01-26 00:07:00'),
(342, 74, '2026-01-25 10:31:00', 4, 'Ticket angenommen', 'angenommen', 17, '2026-01-25 10:31:00'),
(343, 74, '2026-01-25 12:34:00', 4, 'In Arbeit: Fehleranalyse begonnen', 'in_arbeit', 20, '2026-01-25 12:34:00'),
(344, 74, '2026-01-26 01:34:00', 2, 'Ersatzteil bestellt – wartend auf Lieferung', 'bestellt', 6, '2026-01-26 01:34:00'),
(345, 74, '2026-01-31 01:34:00', 9, 'Maßnahme durchgeführt, Funktionstest OK', 'erledigt', 153, '2026-01-31 01:34:00'),
(346, 74, '2026-01-31 15:34:00', 9, 'Ticket geschlossen', 'geschlossen', NULL, '2026-01-31 15:34:00'),
(347, 75, '2026-01-26 11:36:00', 9, 'Ticket angenommen', 'angenommen', 21, '2026-01-26 11:36:00'),
(348, 75, '2026-01-26 12:16:00', 3, 'In Arbeit: Fehleranalyse begonnen', 'in_arbeit', 20, '2026-01-26 12:16:00'),
(349, 75, '2026-01-26 14:16:00', 3, 'Ersatzteil bestellt – wartend auf Lieferung', 'bestellt', 9, '2026-01-26 14:16:00'),
(350, 75, '2026-02-01 14:16:00', 4, 'Maßnahme durchgeführt, Funktionstest OK', 'erledigt', 95, '2026-02-01 14:16:00'),
(351, 75, '2026-02-02 22:16:00', 4, 'Ticket geschlossen', 'geschlossen', NULL, '2026-02-02 22:16:00'),
(352, 76, '2026-01-26 16:09:00', 9, 'Ticket angenommen', 'angenommen', 18, '2026-01-26 16:09:00'),
(353, 76, '2026-01-26 19:08:00', 4, 'In Arbeit: Fehleranalyse begonnen', 'in_arbeit', 54, '2026-01-26 19:08:00'),
(354, 76, '2026-01-27 19:08:00', 3, 'Ersatzteil bestellt – wartend auf Lieferung', 'bestellt', 27, '2026-01-27 19:08:00'),
(355, 76, '2026-02-02 19:08:00', 2, 'Maßnahme durchgeführt, Funktionstest OK', 'erledigt', 16, '2026-02-02 19:08:00'),
(356, 76, '2026-02-04 11:08:00', 9, 'Ticket geschlossen', 'geschlossen', NULL, '2026-02-04 11:08:00'),
(357, 77, '2026-01-26 17:14:00', 2, 'Ticket angenommen', 'angenommen', 18, '2026-01-26 17:14:00'),
(358, 77, '2026-01-26 18:36:00', 3, 'In Arbeit: Fehleranalyse begonnen', 'in_arbeit', 67, '2026-01-26 18:36:00'),
(359, 77, '2026-01-27 11:36:00', 3, 'Ersatzteil bestellt – wartend auf Lieferung', 'bestellt', 29, '2026-01-27 11:36:00'),
(360, 77, '2026-02-01 11:36:00', 4, 'Maßnahme durchgeführt, Funktionstest OK', 'erledigt', 130, '2026-02-01 11:36:00'),
(361, 77, '2026-02-03 11:36:00', 9, 'Ticket geschlossen', 'geschlossen', NULL, '2026-02-03 11:36:00'),
(362, 78, '2026-01-27 15:10:00', 3, 'Ticket angenommen', 'angenommen', 22, '2026-01-27 15:10:00'),
(363, 78, '2026-01-27 16:56:00', 3, 'In Arbeit: Fehleranalyse begonnen', 'in_arbeit', 43, '2026-01-27 16:56:00'),
(364, 78, '2026-01-28 02:56:00', 3, 'Ersatzteil bestellt – wartend auf Lieferung', 'bestellt', 29, '2026-01-28 02:56:00'),
(365, 78, '2026-01-31 02:56:00', 3, 'Maßnahme durchgeführt, Funktionstest OK', 'erledigt', 63, '2026-01-31 02:56:00'),
(366, 78, '2026-02-02 00:56:00', 3, 'Ticket geschlossen', 'geschlossen', NULL, '2026-02-02 00:56:00'),
(367, 79, '2026-01-27 11:53:00', 4, 'Ticket angenommen', 'angenommen', 14, '2026-01-27 11:53:00'),
(368, 79, '2026-01-27 12:33:00', 9, 'In Arbeit: Fehleranalyse begonnen', 'in_arbeit', 51, '2026-01-27 12:33:00'),
(369, 79, '2026-01-28 11:33:00', 3, 'Ersatzteil bestellt – wartend auf Lieferung', 'bestellt', 7, '2026-01-28 11:33:00'),
(370, 79, '2026-01-31 11:33:00', 3, 'Maßnahme durchgeführt, Funktionstest OK', 'erledigt', 123, '2026-01-31 11:33:00'),
(371, 80, '2026-01-27 11:45:00', 9, 'Ticket angenommen', 'angenommen', 8, '2026-01-27 11:45:00'),
(372, 80, '2026-01-27 12:50:00', 3, 'In Arbeit: Fehleranalyse begonnen', 'in_arbeit', 15, '2026-01-27 12:50:00'),
(373, 80, '2026-01-28 06:50:00', 4, 'Ersatzteil bestellt – wartend auf Lieferung', 'bestellt', 10, '2026-01-28 06:50:00'),
(374, 80, '2026-02-01 06:50:00', 4, 'Maßnahme durchgeführt, Funktionstest OK', 'erledigt', 177, '2026-02-01 06:50:00'),
(375, 80, '2026-02-02 14:50:00', 4, 'Ticket geschlossen', 'geschlossen', NULL, '2026-02-02 14:50:00'),
(376, 81, '2026-01-28 08:32:00', 9, 'Ticket angenommen', 'angenommen', 6, '2026-01-28 08:32:00'),
(377, 81, '2026-01-28 09:04:00', 9, 'In Arbeit: Fehleranalyse begonnen', 'in_arbeit', 53, '2026-01-28 09:04:00'),
(378, 81, '2026-01-29 04:04:00', 3, 'Ersatzteil bestellt – wartend auf Lieferung', 'bestellt', 24, '2026-01-29 04:04:00'),
(379, 81, '2026-01-30 04:04:00', 9, 'Maßnahme durchgeführt, Funktionstest OK', 'erledigt', 95, '2026-01-30 04:04:00'),
(380, 81, '2026-01-31 00:04:00', 4, 'Ticket geschlossen', 'geschlossen', NULL, '2026-01-31 00:04:00'),
(381, 82, '2026-01-28 08:16:00', 3, 'Ticket angenommen', 'angenommen', 18, '2026-01-28 08:16:00'),
(382, 82, '2026-01-28 10:57:00', 9, 'In Arbeit: Fehleranalyse begonnen', 'in_arbeit', 56, '2026-01-28 10:57:00'),
(383, 82, '2026-01-28 13:57:00', 4, 'Ersatzteil bestellt – wartend auf Lieferung', 'bestellt', 17, '2026-01-28 13:57:00'),
(384, 82, '2026-02-03 13:57:00', 3, 'Maßnahme durchgeführt, Funktionstest OK', 'erledigt', 34, '2026-02-03 13:57:00'),
(385, 82, '2026-02-04 02:57:00', 2, 'Ticket geschlossen', 'geschlossen', NULL, '2026-02-04 02:57:00'),
(386, 83, '2026-01-29 10:42:00', 4, 'Ticket angenommen', 'angenommen', 8, '2026-01-29 10:42:00'),
(387, 83, '2026-01-29 13:11:00', 4, 'In Arbeit: Fehleranalyse begonnen', 'in_arbeit', 54, '2026-01-29 13:11:00'),
(388, 83, '2026-01-29 19:11:00', 4, 'Ersatzteil bestellt – wartend auf Lieferung', 'bestellt', 17, '2026-01-29 19:11:00'),
(389, 83, '2026-02-04 19:11:00', 4, 'Maßnahme durchgeführt, Funktionstest OK', 'erledigt', 138, '2026-02-04 19:11:00'),
(390, 83, '2026-02-06 18:11:00', 4, 'Ticket geschlossen', 'geschlossen', NULL, '2026-02-06 18:11:00'),
(391, 84, '2026-01-29 11:42:00', 4, 'Ticket angenommen', 'angenommen', 18, '2026-01-29 11:42:00'),
(392, 84, '2026-01-29 14:32:00', 4, 'In Arbeit: Fehleranalyse begonnen', 'in_arbeit', 75, '2026-01-29 14:32:00'),
(393, 84, '2026-01-30 08:32:00', 4, 'Ersatzteil bestellt – wartend auf Lieferung', 'bestellt', 30, '2026-01-30 08:32:00'),
(394, 84, '2026-02-05 08:32:00', 4, 'Maßnahme durchgeführt, Funktionstest OK', 'erledigt', 65, '2026-02-05 08:32:00'),
(395, 84, '2026-02-06 01:32:00', 4, 'Ticket geschlossen', 'geschlossen', NULL, '2026-02-06 01:32:00'),
(396, 85, '2026-01-29 15:46:00', 2, 'Ticket angenommen', 'angenommen', 21, '2026-01-29 15:46:00'),
(397, 85, '2026-01-29 18:09:00', 9, 'In Arbeit: Fehleranalyse begonnen', 'in_arbeit', 29, '2026-01-29 18:09:00'),
(398, 85, '2026-01-30 16:09:00', 2, 'Ersatzteil bestellt – wartend auf Lieferung', 'bestellt', 11, '2026-01-30 16:09:00'),
(399, 85, '2026-02-05 16:09:00', 9, 'Maßnahme durchgeführt, Funktionstest OK', 'erledigt', 159, '2026-02-05 16:09:00'),
(400, 85, '2026-02-07 01:09:00', 3, 'Ticket geschlossen', 'geschlossen', NULL, '2026-02-07 01:09:00'),
(401, 86, '2026-01-30 15:49:00', 3, 'Ticket angenommen', 'angenommen', 7, '2026-01-30 15:49:00'),
(402, 86, '2026-01-30 16:30:00', 3, 'In Arbeit: Fehleranalyse begonnen', 'in_arbeit', 69, '2026-01-30 16:30:00'),
(403, 86, '2026-01-31 04:30:00', 3, 'Ersatzteil bestellt – wartend auf Lieferung', 'bestellt', 27, '2026-01-31 04:30:00'),
(404, 86, '2026-02-01 04:30:00', 3, 'Maßnahme durchgeführt, Funktionstest OK', 'erledigt', 148, '2026-02-01 04:30:00'),
(405, 86, '2026-02-01 09:30:00', 3, 'Ticket geschlossen', 'geschlossen', NULL, '2026-02-01 09:30:00'),
(406, 87, '2026-01-31 08:44:00', 3, 'Ticket angenommen', 'angenommen', 9, '2026-01-31 08:44:00'),
(407, 87, '2026-01-31 10:43:00', 2, 'In Arbeit: Fehleranalyse begonnen', 'in_arbeit', 30, '2026-01-31 10:43:00'),
(408, 87, '2026-01-31 16:43:00', 2, 'Ersatzteil bestellt – wartend auf Lieferung', 'bestellt', 22, '2026-01-31 16:43:00'),
(409, 87, '2026-02-04 16:43:00', 4, 'Maßnahme durchgeführt, Funktionstest OK', 'erledigt', 145, '2026-02-04 16:43:00'),
(410, 87, '2026-02-05 02:43:00', 9, 'Ticket geschlossen', 'geschlossen', NULL, '2026-02-05 02:43:00'),
(411, 88, '2026-01-31 15:05:00', 2, 'Ticket angenommen', 'angenommen', 11, '2026-01-31 15:05:00'),
(412, 88, '2026-01-31 15:52:00', 3, 'In Arbeit: Fehleranalyse begonnen', 'in_arbeit', 27, '2026-01-31 15:52:00'),
(413, 88, '2026-02-01 11:52:00', 2, 'Ersatzteil bestellt – wartend auf Lieferung', 'bestellt', 6, '2026-02-01 11:52:00'),
(414, 88, '2026-02-05 11:52:00', 9, 'Maßnahme durchgeführt, Funktionstest OK', 'erledigt', 163, '2026-02-05 11:52:00'),
(415, 89, '2026-02-01 13:33:00', 3, 'Ticket angenommen', 'angenommen', 21, '2026-02-01 13:33:00'),
(416, 89, '2026-02-01 14:59:00', 3, 'In Arbeit: Fehleranalyse begonnen', 'in_arbeit', 67, '2026-02-01 14:59:00'),
(417, 89, '2026-02-02 00:59:00', 3, 'Ersatzteil bestellt – wartend auf Lieferung', 'bestellt', 13, '2026-02-02 00:59:00'),
(418, 90, '2026-02-01 16:43:00', 2, 'Ticket angenommen', 'angenommen', 10, '2026-02-01 16:43:00'),
(419, 90, '2026-02-01 19:30:00', 9, 'In Arbeit: Fehleranalyse begonnen', 'in_arbeit', 75, '2026-02-01 19:30:00'),
(420, 90, '2026-02-02 03:30:00', 9, 'Ersatzteil bestellt – wartend auf Lieferung', 'bestellt', 12, '2026-02-02 03:30:00'),
(421, 90, '2026-02-05 03:30:00', 3, 'Maßnahme durchgeführt, Funktionstest OK', 'erledigt', 46, '2026-02-05 03:30:00'),
(422, 90, '2026-02-06 10:30:00', 9, 'Ticket geschlossen', 'geschlossen', NULL, '2026-02-06 10:30:00'),
(423, 91, '2026-02-02 10:42:00', 2, 'Ticket angenommen', 'angenommen', 24, '2026-02-02 10:42:00'),
(424, 91, '2026-02-02 11:22:00', 2, 'In Arbeit: Fehleranalyse begonnen', 'in_arbeit', 24, '2026-02-02 11:22:00'),
(425, 91, '2026-02-02 18:22:00', 2, 'Ersatzteil bestellt – wartend auf Lieferung', 'bestellt', 30, '2026-02-02 18:22:00'),
(426, 92, '2026-02-02 14:41:00', 4, 'Ticket angenommen', 'angenommen', 17, '2026-02-02 14:41:00'),
(427, 92, '2026-02-02 16:12:00', 4, 'In Arbeit: Fehleranalyse begonnen', 'in_arbeit', 85, '2026-02-02 16:12:00'),
(428, 92, '2026-02-03 03:12:00', 4, 'Ersatzteil bestellt – wartend auf Lieferung', 'bestellt', 29, '2026-02-03 03:12:00'),
(429, 92, '2026-02-06 03:12:00', 4, 'Maßnahme durchgeführt, Funktionstest OK', 'erledigt', 107, '2026-02-06 03:12:00'),
(430, 92, '2026-02-07 10:12:00', 9, 'Ticket geschlossen', 'geschlossen', NULL, '2026-02-07 10:12:00'),
(431, 93, '2026-02-03 18:49:00', 3, 'Ticket angenommen', 'angenommen', 18, '2026-02-03 18:49:00'),
(432, 93, '2026-02-03 20:34:00', 9, 'In Arbeit: Fehleranalyse begonnen', 'in_arbeit', 34, '2026-02-03 20:34:00'),
(433, 93, '2026-02-04 03:34:00', 4, 'Ersatzteil bestellt – wartend auf Lieferung', 'bestellt', 15, '2026-02-04 03:34:00'),
(434, 93, '2026-02-06 03:34:00', 4, 'Maßnahme durchgeführt, Funktionstest OK', 'erledigt', 107, '2026-02-06 03:34:00'),
(435, 93, '2026-02-07 17:34:00', 9, 'Ticket geschlossen', 'geschlossen', NULL, '2026-02-07 17:34:00'),
(436, 94, '2026-02-03 18:17:00', 3, 'Ticket angenommen', 'angenommen', 6, '2026-02-03 18:17:00'),
(437, 94, '2026-02-03 21:01:00', 3, 'In Arbeit: Fehleranalyse begonnen', 'in_arbeit', 19, '2026-02-03 21:01:00'),
(438, 94, '2026-02-04 00:01:00', 2, 'Ersatzteil bestellt – wartend auf Lieferung', 'bestellt', 26, '2026-02-04 00:01:00'),
(439, 94, '2026-02-05 00:01:00', 3, 'Maßnahme durchgeführt, Funktionstest OK', 'erledigt', 11, '2026-02-05 00:01:00'),
(440, 94, '2026-02-06 04:01:00', 2, 'Ticket geschlossen', 'geschlossen', NULL, '2026-02-06 04:01:00'),
(441, 95, '2026-02-03 14:00:00', 2, 'Ticket angenommen', 'angenommen', 22, '2026-02-03 14:00:00'),
(442, 95, '2026-02-03 15:43:00', 2, 'In Arbeit: Fehleranalyse begonnen', 'in_arbeit', 17, '2026-02-03 15:43:00'),
(443, 95, '2026-02-04 08:43:00', 3, 'Ersatzteil bestellt – wartend auf Lieferung', 'bestellt', 27, '2026-02-04 08:43:00'),
(444, 95, '2026-02-10 08:43:00', 3, 'Maßnahme durchgeführt, Funktionstest OK', 'erledigt', 120, '2026-02-10 08:43:00'),
(445, 95, '2026-02-10 21:43:00', 3, 'Ticket geschlossen', 'geschlossen', NULL, '2026-02-10 21:43:00'),
(446, 96, '2026-02-03 10:29:00', 2, 'Ticket angenommen', 'angenommen', 7, '2026-02-03 10:29:00'),
(447, 96, '2026-02-03 12:42:00', 3, 'In Arbeit: Fehleranalyse begonnen', 'in_arbeit', 63, '2026-02-03 12:42:00'),
(448, 96, '2026-02-04 01:42:00', 2, 'Ersatzteil bestellt – wartend auf Lieferung', 'bestellt', 22, '2026-02-04 01:42:00'),
(449, 96, '2026-02-08 01:42:00', 9, 'Maßnahme durchgeführt, Funktionstest OK', 'erledigt', 24, '2026-02-08 01:42:00'),
(450, 97, '2026-02-04 17:00:00', 3, 'Ticket angenommen', 'angenommen', 22, '2026-02-04 17:00:00'),
(451, 97, '2026-02-04 19:54:00', 9, 'In Arbeit: Fehleranalyse begonnen', 'in_arbeit', 99, '2026-02-04 19:54:00'),
(452, 97, '2026-02-04 21:54:00', 2, 'Ersatzteil bestellt – wartend auf Lieferung', 'bestellt', 10, '2026-02-04 21:54:00'),
(453, 97, '2026-02-07 21:54:00', 4, 'Maßnahme durchgeführt, Funktionstest OK', 'erledigt', 14, '2026-02-07 21:54:00'),
(454, 97, '2026-02-08 12:54:00', 3, 'Ticket geschlossen', 'geschlossen', NULL, '2026-02-08 12:54:00'),
(455, 98, '2026-02-04 16:04:00', 4, 'Ticket angenommen', 'angenommen', 7, '2026-02-04 16:04:00');
INSERT INTO `stoerungstool_aktion` (`id`, `ticket_id`, `datum`, `user_id`, `text`, `status_neu`, `arbeitszeit_min`, `created_at`) VALUES
(456, 98, '2026-02-04 18:01:00', 9, 'In Arbeit: Fehleranalyse begonnen', 'in_arbeit', 92, '2026-02-04 18:01:00'),
(457, 98, '2026-02-05 14:01:00', 9, 'Ersatzteil bestellt – wartend auf Lieferung', 'bestellt', 24, '2026-02-05 14:01:00'),
(458, 98, '2026-02-09 14:01:00', 3, 'Maßnahme durchgeführt, Funktionstest OK', 'erledigt', 93, '2026-02-09 14:01:00'),
(459, 98, '2026-02-09 17:01:00', 4, 'Ticket geschlossen', 'geschlossen', NULL, '2026-02-09 17:01:00'),
(460, 99, '2026-02-04 13:56:00', 9, 'Ticket angenommen', 'angenommen', 9, '2026-02-04 13:56:00'),
(461, 99, '2026-02-04 16:05:00', 4, 'In Arbeit: Fehleranalyse begonnen', 'in_arbeit', 55, '2026-02-04 16:05:00'),
(462, 99, '2026-02-05 04:05:00', 4, 'Ersatzteil bestellt – wartend auf Lieferung', 'bestellt', 8, '2026-02-05 04:05:00'),
(463, 99, '2026-02-06 04:05:00', 2, 'Maßnahme durchgeführt, Funktionstest OK', 'erledigt', 11, '2026-02-06 04:05:00'),
(464, 99, '2026-02-07 01:05:00', 3, 'Ticket geschlossen', 'geschlossen', NULL, '2026-02-07 01:05:00'),
(465, 100, '2026-02-04 12:45:00', 3, 'Ticket angenommen', 'angenommen', 22, '2026-02-04 12:45:00'),
(466, 100, '2026-02-04 14:17:00', 4, 'In Arbeit: Fehleranalyse begonnen', 'in_arbeit', 88, '2026-02-04 14:17:00'),
(467, 100, '2026-02-05 07:17:00', 4, 'Ersatzteil bestellt – wartend auf Lieferung', 'bestellt', 10, '2026-02-05 07:17:00'),
(468, 100, '2026-02-11 07:17:00', 4, 'Maßnahme durchgeführt, Funktionstest OK', 'erledigt', 107, '2026-02-11 07:17:00'),
(469, 101, '2026-02-05 14:33:00', 4, 'Ticket angenommen', 'angenommen', 11, '2026-02-05 14:33:00'),
(470, 101, '2026-02-05 17:00:00', 4, 'In Arbeit: Fehleranalyse begonnen', 'in_arbeit', 28, '2026-02-05 17:00:00'),
(471, 101, '2026-02-05 22:00:00', 4, 'Ersatzteil bestellt – wartend auf Lieferung', 'bestellt', 14, '2026-02-05 22:00:00'),
(472, 101, '2026-02-06 22:00:00', 4, 'Maßnahme durchgeführt, Funktionstest OK', 'erledigt', 111, '2026-02-06 22:00:00'),
(473, 101, '2026-02-07 21:00:00', 4, 'Ticket geschlossen', 'geschlossen', NULL, '2026-02-07 21:00:00'),
(474, 102, '2026-02-05 13:05:00', 4, 'Ticket angenommen', 'angenommen', 14, '2026-02-05 13:05:00'),
(475, 102, '2026-02-05 15:40:00', 2, 'In Arbeit: Fehleranalyse begonnen', 'in_arbeit', 88, '2026-02-05 15:40:00'),
(476, 102, '2026-02-05 23:40:00', 3, 'Ersatzteil bestellt – wartend auf Lieferung', 'bestellt', 15, '2026-02-05 23:40:00'),
(477, 102, '2026-02-09 23:40:00', 3, 'Maßnahme durchgeführt, Funktionstest OK', 'erledigt', 81, '2026-02-09 23:40:00'),
(478, 102, '2026-02-11 02:40:00', 2, 'Ticket geschlossen', 'geschlossen', NULL, '2026-02-11 02:40:00'),
(479, 103, '2026-02-05 14:14:00', 9, 'Ticket angenommen', 'angenommen', 18, '2026-02-05 14:14:00'),
(480, 103, '2026-02-05 16:20:00', 2, 'In Arbeit: Fehleranalyse begonnen', 'in_arbeit', 24, '2026-02-05 16:20:00'),
(481, 103, '2026-02-06 07:20:00', 4, 'Ersatzteil bestellt – wartend auf Lieferung', 'bestellt', 24, '2026-02-06 07:20:00'),
(482, 103, '2026-02-10 07:20:00', 2, 'Maßnahme durchgeführt, Funktionstest OK', 'erledigt', 159, '2026-02-10 07:20:00'),
(483, 103, '2026-02-11 10:20:00', 2, 'Ticket geschlossen', 'geschlossen', NULL, '2026-02-11 10:20:00'),
(484, 104, '2026-02-06 18:01:00', 4, 'Ticket angenommen', 'angenommen', 22, '2026-02-06 18:01:00'),
(485, 104, '2026-02-06 20:59:00', 9, 'In Arbeit: Fehleranalyse begonnen', 'in_arbeit', 103, '2026-02-06 20:59:00'),
(486, 104, '2026-02-07 15:59:00', 9, 'Ersatzteil bestellt – wartend auf Lieferung', 'bestellt', 12, '2026-02-07 15:59:00'),
(487, 105, '2026-02-06 16:21:00', 2, 'Ticket angenommen', 'angenommen', 21, '2026-02-06 16:21:00'),
(488, 105, '2026-02-06 18:54:00', 4, 'In Arbeit: Fehleranalyse begonnen', 'in_arbeit', 59, '2026-02-06 18:54:00'),
(489, 105, '2026-02-07 10:54:00', 2, 'Ersatzteil bestellt – wartend auf Lieferung', 'bestellt', 8, '2026-02-07 10:54:00'),
(490, 105, '2026-02-11 10:54:00', 2, 'Maßnahme durchgeführt, Funktionstest OK', 'erledigt', 125, '2026-02-11 10:54:00'),
(491, 105, '2026-02-12 08:54:00', 2, 'Ticket geschlossen', 'geschlossen', NULL, '2026-02-12 08:54:00'),
(492, 106, '2026-02-07 12:49:00', 3, 'Ticket angenommen', 'angenommen', 19, '2026-02-07 12:49:00'),
(493, 106, '2026-02-07 14:18:00', 3, 'In Arbeit: Fehleranalyse begonnen', 'in_arbeit', 117, '2026-02-07 14:18:00'),
(494, 106, '2026-02-08 03:18:00', 3, 'Ersatzteil bestellt – wartend auf Lieferung', 'bestellt', 25, '2026-02-08 03:18:00'),
(495, 106, '2026-02-10 03:18:00', 3, 'Maßnahme durchgeführt, Funktionstest OK', 'erledigt', 57, '2026-02-10 03:18:00'),
(496, 106, '2026-02-11 21:18:00', 3, 'Ticket geschlossen', 'geschlossen', NULL, '2026-02-11 21:18:00'),
(497, 107, '2026-02-07 12:13:00', 9, 'Ticket angenommen', 'angenommen', 23, '2026-02-07 12:13:00'),
(498, 107, '2026-02-07 13:09:00', 2, 'In Arbeit: Fehleranalyse begonnen', 'in_arbeit', 117, '2026-02-07 13:09:00'),
(499, 107, '2026-02-08 07:09:00', 4, 'Ersatzteil bestellt – wartend auf Lieferung', 'bestellt', 10, '2026-02-08 07:09:00'),
(500, 107, '2026-02-11 07:09:00', 9, 'Maßnahme durchgeführt, Funktionstest OK', 'erledigt', 93, '2026-02-11 07:09:00'),
(501, 107, '2026-02-11 21:09:00', 4, 'Ticket geschlossen', 'geschlossen', NULL, '2026-02-11 21:09:00'),
(502, 108, '2026-02-07 15:58:00', 9, 'Ticket angenommen', 'angenommen', 16, '2026-02-07 15:58:00'),
(503, 108, '2026-02-07 17:04:00', 9, 'In Arbeit: Fehleranalyse begonnen', 'in_arbeit', 80, '2026-02-07 17:04:00'),
(504, 108, '2026-02-08 06:04:00', 3, 'Ersatzteil bestellt – wartend auf Lieferung', 'bestellt', 18, '2026-02-08 06:04:00'),
(505, 108, '2026-02-13 06:04:00', 9, 'Maßnahme durchgeführt, Funktionstest OK', 'erledigt', 45, '2026-02-13 06:04:00'),
(506, 108, '2026-02-14 20:04:00', 3, 'Ticket geschlossen', 'geschlossen', NULL, '2026-02-14 20:04:00'),
(507, 109, '2026-02-08 15:04:00', 4, 'Ticket angenommen', 'angenommen', 22, '2026-02-08 15:04:00'),
(508, 109, '2026-02-08 17:43:00', 4, 'In Arbeit: Fehleranalyse begonnen', 'in_arbeit', 98, '2026-02-08 17:43:00'),
(509, 109, '2026-02-09 09:43:00', 4, 'Ersatzteil bestellt – wartend auf Lieferung', 'bestellt', 18, '2026-02-09 09:43:00'),
(510, 110, '2026-02-08 14:10:00', 9, 'Ticket angenommen', 'angenommen', 12, '2026-02-08 14:10:00'),
(511, 110, '2026-02-08 16:57:00', 9, 'In Arbeit: Fehleranalyse begonnen', 'in_arbeit', 51, '2026-02-08 16:57:00'),
(512, 110, '2026-02-08 22:57:00', 9, 'Ersatzteil bestellt – wartend auf Lieferung', 'bestellt', 29, '2026-02-08 22:57:00'),
(513, 110, '2026-02-12 22:57:00', 9, 'Maßnahme durchgeführt, Funktionstest OK', 'erledigt', 154, '2026-02-12 22:57:00'),
(514, 110, '2026-02-14 07:57:00', 9, 'Ticket geschlossen', 'geschlossen', NULL, '2026-02-14 07:57:00'),
(515, 111, '2026-02-09 14:58:00', 4, 'Ticket angenommen', 'angenommen', 25, '2026-02-09 14:58:00'),
(516, 111, '2026-02-09 16:31:00', 4, 'In Arbeit: Fehleranalyse begonnen', 'in_arbeit', 53, '2026-02-09 16:31:00'),
(517, 111, '2026-02-09 18:31:00', 4, 'Ersatzteil bestellt – wartend auf Lieferung', 'bestellt', 19, '2026-02-09 18:31:00'),
(518, 112, '2026-02-09 08:01:00', 3, 'Ticket angenommen', 'angenommen', 11, '2026-02-09 08:01:00'),
(519, 112, '2026-02-09 08:46:00', 4, 'In Arbeit: Fehleranalyse begonnen', 'in_arbeit', 87, '2026-02-09 08:46:00'),
(520, 112, '2026-02-09 20:46:00', 4, 'Ersatzteil bestellt – wartend auf Lieferung', 'bestellt', 22, '2026-02-09 20:46:00'),
(521, 112, '2026-02-12 20:46:00', 4, 'Maßnahme durchgeführt, Funktionstest OK', 'erledigt', 162, '2026-02-12 20:46:00'),
(522, 112, '2026-02-14 08:46:00', 4, 'Ticket geschlossen', 'geschlossen', NULL, '2026-02-14 08:46:00'),
(523, 113, '2026-02-10 15:26:00', 9, 'Ticket angenommen', 'angenommen', 17, '2026-02-10 15:26:00'),
(524, 113, '2026-02-10 18:01:00', 9, 'In Arbeit: Fehleranalyse begonnen', 'in_arbeit', 33, '2026-02-10 18:01:00'),
(525, 113, '2026-02-11 13:01:00', 2, 'Ersatzteil bestellt – wartend auf Lieferung', 'bestellt', 25, '2026-02-11 13:01:00'),
(526, 113, '2026-02-14 13:01:00', 2, 'Maßnahme durchgeführt, Funktionstest OK', 'erledigt', 170, '2026-02-14 13:01:00'),
(527, 113, '2026-02-15 17:01:00', 9, 'Ticket geschlossen', 'geschlossen', NULL, '2026-02-15 17:01:00'),
(528, 114, '2026-02-11 16:20:00', 4, 'Ticket angenommen', 'angenommen', 16, '2026-02-11 16:20:00'),
(529, 114, '2026-02-11 17:06:00', 4, 'In Arbeit: Fehleranalyse begonnen', 'in_arbeit', 116, '2026-02-11 17:06:00'),
(530, 114, '2026-02-12 11:06:00', 4, 'Ersatzteil bestellt – wartend auf Lieferung', 'bestellt', 17, '2026-02-12 11:06:00'),
(531, 114, '2026-02-14 11:06:00', 4, 'Maßnahme durchgeführt, Funktionstest OK', 'erledigt', 119, '2026-02-14 11:06:00'),
(532, 114, '2026-02-15 02:06:00', 4, 'Ticket geschlossen', 'geschlossen', NULL, '2026-02-15 02:06:00'),
(533, 115, '2026-02-11 13:37:00', 4, 'Ticket angenommen', 'angenommen', 25, '2026-02-11 13:37:00'),
(534, 115, '2026-02-11 16:04:00', 4, 'In Arbeit: Fehleranalyse begonnen', 'in_arbeit', 17, '2026-02-11 16:04:00'),
(535, 115, '2026-02-11 20:04:00', 4, 'Ersatzteil bestellt – wartend auf Lieferung', 'bestellt', 10, '2026-02-11 20:04:00'),
(536, 115, '2026-02-15 20:04:00', 4, 'Maßnahme durchgeführt, Funktionstest OK', 'erledigt', 126, '2026-02-15 20:04:00'),
(537, 116, '2026-02-11 13:38:00', 2, 'Ticket angenommen', 'angenommen', 10, '2026-02-11 13:38:00'),
(538, 116, '2026-02-11 14:21:00', 2, 'In Arbeit: Fehleranalyse begonnen', 'in_arbeit', 65, '2026-02-11 14:21:00'),
(539, 116, '2026-02-12 11:21:00', 2, 'Ersatzteil bestellt – wartend auf Lieferung', 'bestellt', 14, '2026-02-12 11:21:00'),
(540, 116, '2026-02-18 11:21:00', 3, 'Maßnahme durchgeführt, Funktionstest OK', 'erledigt', 69, '2026-02-18 11:21:00'),
(541, 116, '2026-02-19 16:21:00', 9, 'Ticket geschlossen', 'geschlossen', NULL, '2026-02-19 16:21:00'),
(542, 117, '2026-02-12 08:16:00', 9, 'Ticket angenommen', 'angenommen', 7, '2026-02-12 08:16:00'),
(543, 117, '2026-02-12 09:44:00', 9, 'In Arbeit: Fehleranalyse begonnen', 'in_arbeit', 64, '2026-02-12 09:44:00'),
(544, 117, '2026-02-12 12:44:00', 9, 'Ersatzteil bestellt – wartend auf Lieferung', 'bestellt', 28, '2026-02-12 12:44:00'),
(545, 117, '2026-02-13 12:44:00', 9, 'Maßnahme durchgeführt, Funktionstest OK', 'erledigt', 36, '2026-02-13 12:44:00'),
(546, 117, '2026-02-14 10:44:00', 9, 'Ticket geschlossen', 'geschlossen', NULL, '2026-02-14 10:44:00'),
(547, 118, '2026-02-12 10:42:00', 2, 'Ticket angenommen', 'angenommen', 25, '2026-02-12 10:42:00'),
(548, 118, '2026-02-12 11:50:00', 3, 'In Arbeit: Fehleranalyse begonnen', 'in_arbeit', 67, '2026-02-12 11:50:00'),
(549, 118, '2026-02-13 07:50:00', 2, 'Ersatzteil bestellt – wartend auf Lieferung', 'bestellt', 26, '2026-02-13 07:50:00'),
(550, 118, '2026-02-17 07:50:00', 9, 'Maßnahme durchgeführt, Funktionstest OK', 'erledigt', 65, '2026-02-17 07:50:00'),
(551, 118, '2026-02-17 14:50:00', 4, 'Ticket geschlossen', 'geschlossen', NULL, '2026-02-17 14:50:00'),
(552, 119, '2026-02-12 11:53:00', 2, 'Ticket angenommen', 'angenommen', 11, '2026-02-12 11:53:00'),
(553, 119, '2026-02-12 14:35:00', 3, 'In Arbeit: Fehleranalyse begonnen', 'in_arbeit', 92, '2026-02-12 14:35:00'),
(554, 119, '2026-02-13 07:35:00', 9, 'Ersatzteil bestellt – wartend auf Lieferung', 'bestellt', 11, '2026-02-13 07:35:00'),
(555, 119, '2026-02-19 07:35:00', 9, 'Maßnahme durchgeführt, Funktionstest OK', 'erledigt', 110, '2026-02-19 07:35:00'),
(556, 120, '2026-02-12 14:55:00', 2, 'Ticket angenommen', 'angenommen', 7, '2026-02-12 14:55:00'),
(557, 120, '2026-02-12 15:29:00', 9, 'In Arbeit: Fehleranalyse begonnen', 'in_arbeit', 90, '2026-02-12 15:29:00'),
(558, 120, '2026-02-12 18:29:00', 4, 'Ersatzteil bestellt – wartend auf Lieferung', 'bestellt', 5, '2026-02-12 18:29:00'),
(559, 120, '2026-02-15 18:29:00', 9, 'Maßnahme durchgeführt, Funktionstest OK', 'erledigt', 65, '2026-02-15 18:29:00'),
(560, 120, '2026-02-15 22:29:00', 9, 'Ticket geschlossen', 'geschlossen', NULL, '2026-02-15 22:29:00'),
(561, 121, '2026-02-13 09:18:00', 3, 'Ticket angenommen', 'angenommen', 25, '2026-02-13 09:18:00'),
(562, 121, '2026-02-13 10:04:00', 2, 'In Arbeit: Fehleranalyse begonnen', 'in_arbeit', 54, '2026-02-13 10:04:00'),
(563, 121, '2026-02-14 09:04:00', 9, 'Ersatzteil bestellt – wartend auf Lieferung', 'bestellt', 18, '2026-02-14 09:04:00'),
(564, 121, '2026-02-20 09:04:00', 2, 'Maßnahme durchgeführt, Funktionstest OK', 'erledigt', 71, '2026-02-20 09:04:00'),
(565, 122, '2026-02-13 15:38:00', 4, 'Ticket angenommen', 'angenommen', 10, '2026-02-13 15:38:00'),
(566, 122, '2026-02-13 17:43:00', 9, 'In Arbeit: Fehleranalyse begonnen', 'in_arbeit', 31, '2026-02-13 17:43:00'),
(567, 122, '2026-02-14 17:43:00', 4, 'Ersatzteil bestellt – wartend auf Lieferung', 'bestellt', 29, '2026-02-14 17:43:00'),
(568, 122, '2026-02-17 17:43:00', 2, 'Maßnahme durchgeführt, Funktionstest OK', 'erledigt', 40, '2026-02-17 17:43:00'),
(569, 122, '2026-02-17 20:43:00', 4, 'Ticket geschlossen', 'geschlossen', NULL, '2026-02-17 20:43:00'),
(570, 123, '2026-02-13 16:09:00', 4, 'Ticket angenommen', 'angenommen', 12, '2026-02-13 16:09:00'),
(571, 123, '2026-02-13 18:49:00', 9, 'In Arbeit: Fehleranalyse begonnen', 'in_arbeit', 15, '2026-02-13 18:49:00'),
(572, 123, '2026-02-13 20:49:00', 3, 'Ersatzteil bestellt – wartend auf Lieferung', 'bestellt', 5, '2026-02-13 20:49:00'),
(573, 123, '2026-02-15 20:49:00', 3, 'Maßnahme durchgeführt, Funktionstest OK', 'erledigt', 21, '2026-02-15 20:49:00'),
(574, 123, '2026-02-17 04:49:00', 2, 'Ticket geschlossen', 'geschlossen', NULL, '2026-02-17 04:49:00'),
(575, 124, '2026-02-14 18:17:00', 4, 'Ticket angenommen', 'angenommen', 12, '2026-02-14 18:17:00'),
(576, 124, '2026-02-14 20:59:00', 2, 'In Arbeit: Fehleranalyse begonnen', 'in_arbeit', 20, '2026-02-14 20:59:00'),
(577, 124, '2026-02-15 09:59:00', 9, 'Ersatzteil bestellt – wartend auf Lieferung', 'bestellt', 7, '2026-02-15 09:59:00'),
(578, 124, '2026-02-19 09:59:00', 2, 'Maßnahme durchgeführt, Funktionstest OK', 'erledigt', 82, '2026-02-19 09:59:00'),
(579, 125, '2026-02-15 12:24:00', 9, 'Ticket angenommen', 'angenommen', 12, '2026-02-15 12:24:00'),
(580, 125, '2026-02-15 13:32:00', 9, 'In Arbeit: Fehleranalyse begonnen', 'in_arbeit', 15, '2026-02-15 13:32:00'),
(581, 125, '2026-02-16 03:32:00', 9, 'Ersatzteil bestellt – wartend auf Lieferung', 'bestellt', 5, '2026-02-16 03:32:00'),
(582, 125, '2026-02-18 03:32:00', 9, 'Maßnahme durchgeführt, Funktionstest OK', 'erledigt', 148, '2026-02-18 03:32:00'),
(583, 125, '2026-02-19 03:32:00', 9, 'Ticket geschlossen', 'geschlossen', NULL, '2026-02-19 03:32:00'),
(584, 126, '2026-02-15 18:02:00', 2, 'Ticket angenommen', 'angenommen', 12, '2026-02-15 18:02:00'),
(585, 126, '2026-02-15 20:19:00', 2, 'In Arbeit: Fehleranalyse begonnen', 'in_arbeit', 77, '2026-02-15 20:19:00'),
(586, 126, '2026-02-15 22:19:00', 4, 'Ersatzteil bestellt – wartend auf Lieferung', 'bestellt', 9, '2026-02-15 22:19:00'),
(587, 126, '2026-02-21 22:19:00', 3, 'Maßnahme durchgeführt, Funktionstest OK', 'erledigt', 81, '2026-02-21 22:19:00'),
(588, 126, '2026-02-22 05:19:00', 4, 'Ticket geschlossen', 'geschlossen', NULL, '2026-02-22 05:19:00'),
(589, 127, '2026-02-16 14:35:00', 3, 'Ticket angenommen', 'angenommen', 17, '2026-02-16 14:35:00'),
(590, 127, '2026-02-16 16:28:00', 2, 'In Arbeit: Fehleranalyse begonnen', 'in_arbeit', 55, '2026-02-16 16:28:00'),
(591, 127, '2026-02-17 07:28:00', 3, 'Ersatzteil bestellt – wartend auf Lieferung', 'bestellt', 13, '2026-02-17 07:28:00'),
(592, 127, '2026-02-19 07:28:00', 2, 'Maßnahme durchgeführt, Funktionstest OK', 'erledigt', 29, '2026-02-19 07:28:00'),
(593, 128, '2026-02-16 14:42:00', 9, 'Ticket angenommen', 'angenommen', 6, '2026-02-16 14:42:00'),
(594, 128, '2026-02-16 16:07:00', 2, 'In Arbeit: Fehleranalyse begonnen', 'in_arbeit', 56, '2026-02-16 16:07:00'),
(595, 128, '2026-02-16 21:07:00', 4, 'Ersatzteil bestellt – wartend auf Lieferung', 'bestellt', 7, '2026-02-16 21:07:00'),
(596, 128, '2026-02-22 21:07:00', 4, 'Maßnahme durchgeführt, Funktionstest OK', 'erledigt', 73, '2026-02-22 21:07:00'),
(597, 128, '2026-02-23 21:07:00', 3, 'Ticket geschlossen', 'geschlossen', NULL, '2026-02-23 21:07:00'),
(598, 129, '2026-02-16 13:55:00', 3, 'Ticket angenommen', 'angenommen', 25, '2026-02-16 13:55:00'),
(599, 129, '2026-02-16 14:46:00', 9, 'In Arbeit: Fehleranalyse begonnen', 'in_arbeit', 89, '2026-02-16 14:46:00'),
(600, 129, '2026-02-17 09:46:00', 3, 'Ersatzteil bestellt – wartend auf Lieferung', 'bestellt', 13, '2026-02-17 09:46:00'),
(601, 129, '2026-02-18 09:46:00', 2, 'Maßnahme durchgeführt, Funktionstest OK', 'erledigt', 15, '2026-02-18 09:46:00'),
(602, 130, '2026-02-17 11:27:00', 3, 'Ticket angenommen', 'angenommen', 16, '2026-02-17 11:27:00'),
(603, 130, '2026-02-17 12:51:00', 2, 'In Arbeit: Fehleranalyse begonnen', 'in_arbeit', 38, '2026-02-17 12:51:00'),
(604, 130, '2026-02-17 21:51:00', 3, 'Ersatzteil bestellt – wartend auf Lieferung', 'bestellt', 13, '2026-02-17 21:51:00'),
(605, 131, '2026-02-17 14:20:00', 9, 'Ticket angenommen', 'angenommen', 20, '2026-02-17 14:20:00'),
(606, 131, '2026-02-17 17:09:00', 4, 'In Arbeit: Fehleranalyse begonnen', 'in_arbeit', 115, '2026-02-17 17:09:00'),
(607, 131, '2026-02-18 09:09:00', 3, 'Ersatzteil bestellt – wartend auf Lieferung', 'bestellt', 16, '2026-02-18 09:09:00'),
(608, 131, '2026-02-23 09:09:00', 2, 'Maßnahme durchgeführt, Funktionstest OK', 'erledigt', 138, '2026-02-23 09:09:00'),
(609, 132, '2026-02-18 09:39:00', 4, 'Ticket angenommen', 'angenommen', 22, '2026-02-18 09:39:00'),
(610, 132, '2026-02-18 10:23:00', 3, 'In Arbeit: Fehleranalyse begonnen', 'in_arbeit', 112, '2026-02-18 10:23:00'),
(611, 132, '2026-02-18 18:23:00', 3, 'Ersatzteil bestellt – wartend auf Lieferung', 'bestellt', 23, '2026-02-18 18:23:00'),
(612, 133, '2026-02-18 11:59:00', 9, 'Ticket angenommen', 'angenommen', 7, '2026-02-18 11:59:00'),
(613, 133, '2026-02-18 12:43:00', 2, 'In Arbeit: Fehleranalyse begonnen', 'in_arbeit', 44, '2026-02-18 12:43:00'),
(614, 133, '2026-02-19 08:43:00', 4, 'Ersatzteil bestellt – wartend auf Lieferung', 'bestellt', 12, '2026-02-19 08:43:00'),
(615, 134, '2026-02-18 09:24:00', 3, 'Ticket angenommen', 'angenommen', 16, '2026-02-18 09:24:00'),
(616, 134, '2026-02-18 11:35:00', 9, 'In Arbeit: Fehleranalyse begonnen', 'in_arbeit', 90, '2026-02-18 11:35:00'),
(617, 134, '2026-02-18 15:35:00', 9, 'Ersatzteil bestellt – wartend auf Lieferung', 'bestellt', 15, '2026-02-18 15:35:00'),
(618, 134, '2026-02-21 15:35:00', 4, 'Maßnahme durchgeführt, Funktionstest OK', 'erledigt', 92, '2026-02-21 15:35:00'),
(619, 134, '2026-02-22 01:35:00', 3, 'Ticket geschlossen', 'geschlossen', NULL, '2026-02-22 01:35:00'),
(620, 135, '2026-02-18 16:08:00', 2, 'Ticket angenommen', 'angenommen', 17, '2026-02-18 16:08:00'),
(621, 135, '2026-02-18 19:03:00', 9, 'In Arbeit: Fehleranalyse begonnen', 'in_arbeit', 19, '2026-02-18 19:03:00'),
(622, 135, '2026-02-19 01:03:00', 3, 'Ersatzteil bestellt – wartend auf Lieferung', 'bestellt', 24, '2026-02-19 01:03:00'),
(623, 135, '2026-02-22 01:03:00', 4, 'Maßnahme durchgeführt, Funktionstest OK', 'erledigt', 166, '2026-02-22 01:03:00'),
(624, 136, '2026-02-19 17:31:00', 9, 'Ticket angenommen', 'angenommen', 12, '2026-02-19 17:31:00'),
(625, 136, '2026-02-19 18:18:00', 9, 'In Arbeit: Fehleranalyse begonnen', 'in_arbeit', 59, '2026-02-19 18:18:00'),
(626, 136, '2026-02-20 03:18:00', 9, 'Ersatzteil bestellt – wartend auf Lieferung', 'bestellt', 30, '2026-02-20 03:18:00'),
(627, 136, '2026-02-21 03:18:00', 9, 'Maßnahme durchgeführt, Funktionstest OK', 'erledigt', 10, '2026-02-21 03:18:00'),
(628, 137, '2026-02-19 17:39:00', 9, 'Ticket angenommen', 'angenommen', 14, '2026-02-19 17:39:00'),
(629, 137, '2026-02-19 18:14:00', 3, 'In Arbeit: Fehleranalyse begonnen', 'in_arbeit', 55, '2026-02-19 18:14:00'),
(630, 137, '2026-02-20 03:14:00', 2, 'Ersatzteil bestellt – wartend auf Lieferung', 'bestellt', 8, '2026-02-20 03:14:00'),
(631, 137, '2026-02-21 03:14:00', 2, 'Maßnahme durchgeführt, Funktionstest OK', 'erledigt', 97, '2026-02-21 03:14:00'),
(632, 137, '2026-02-21 15:14:00', 4, 'Ticket geschlossen', 'geschlossen', NULL, '2026-02-21 15:14:00'),
(633, 138, '2026-02-19 16:44:00', 9, 'Ticket angenommen', 'angenommen', 13, '2026-02-19 16:44:00'),
(634, 138, '2026-02-19 18:26:00', 9, 'In Arbeit: Fehleranalyse begonnen', 'in_arbeit', 53, '2026-02-19 18:26:00'),
(635, 138, '2026-02-20 02:26:00', 3, 'Ersatzteil bestellt – wartend auf Lieferung', 'bestellt', 8, '2026-02-20 02:26:00'),
(636, 139, '2026-02-19 07:35:00', 9, 'Ticket angenommen', 'angenommen', 20, '2026-02-19 07:35:00'),
(637, 139, '2026-02-19 09:12:00', 4, 'In Arbeit: Fehleranalyse begonnen', 'in_arbeit', 26, '2026-02-19 09:12:00'),
(638, 139, '2026-02-20 06:12:00', 3, 'Ersatzteil bestellt – wartend auf Lieferung', 'bestellt', 22, '2026-02-20 06:12:00'),
(639, 139, '2026-02-24 06:12:00', 9, 'Maßnahme durchgeführt, Funktionstest OK', 'erledigt', 57, '2026-02-24 06:12:00'),
(640, 139, '2026-02-25 07:12:00', 2, 'Ticket geschlossen', 'geschlossen', NULL, '2026-02-25 07:12:00'),
(641, 140, '2026-02-20 14:14:00', 9, 'Ticket angenommen', 'angenommen', 21, '2026-02-20 14:14:00'),
(642, 140, '2026-02-20 16:31:00', 3, 'In Arbeit: Fehleranalyse begonnen', 'in_arbeit', 83, '2026-02-20 16:31:00'),
(643, 141, '2026-02-20 08:30:00', 2, 'Ticket angenommen', 'angenommen', 11, '2026-02-20 08:30:00'),
(644, 141, '2026-02-20 09:37:00', 2, 'In Arbeit: Fehleranalyse begonnen', 'in_arbeit', 91, '2026-02-20 09:37:00'),
(645, 141, '2026-02-20 18:37:00', 9, 'Ersatzteil bestellt – wartend auf Lieferung', 'bestellt', 15, '2026-02-20 18:37:00'),
(646, 142, '2026-02-20 14:43:00', 4, 'Ticket angenommen', 'angenommen', 23, '2026-02-20 14:43:00'),
(647, 142, '2026-02-20 17:43:00', 9, 'In Arbeit: Fehleranalyse begonnen', 'in_arbeit', 89, '2026-02-20 17:43:00'),
(648, 142, '2026-02-20 21:43:00', 4, 'Ersatzteil bestellt – wartend auf Lieferung', 'bestellt', 8, '2026-02-20 21:43:00'),
(649, 142, '2026-02-25 21:43:00', 9, 'Maßnahme durchgeführt, Funktionstest OK', 'erledigt', 35, '2026-02-25 21:43:00'),
(650, 142, '2026-02-26 17:43:00', 9, 'Ticket geschlossen', 'geschlossen', NULL, '2026-02-26 17:43:00'),
(651, 143, '2026-02-20 13:07:00', 2, 'Ticket angenommen', 'angenommen', 15, '2026-02-20 13:07:00'),
(652, 143, '2026-02-20 14:54:00', 3, 'In Arbeit: Fehleranalyse begonnen', 'in_arbeit', 54, '2026-02-20 14:54:00'),
(653, 143, '2026-02-20 23:54:00', 3, 'Ersatzteil bestellt – wartend auf Lieferung', 'bestellt', 20, '2026-02-20 23:54:00'),
(654, 144, '2026-02-21 11:47:00', 4, 'Ticket angenommen', 'angenommen', 20, '2026-02-21 11:47:00'),
(655, 144, '2026-02-21 14:29:00', 4, 'In Arbeit: Fehleranalyse begonnen', 'in_arbeit', 62, '2026-02-21 14:29:00'),
(656, 144, '2026-02-21 16:29:00', 4, 'Ersatzteil bestellt – wartend auf Lieferung', 'bestellt', 21, '2026-02-21 16:29:00'),
(657, 144, '2026-02-23 16:29:00', 4, 'Maßnahme durchgeführt, Funktionstest OK', 'erledigt', 26, '2026-02-23 16:29:00'),
(658, 145, '2026-02-21 12:40:00', 2, 'Ticket angenommen', 'angenommen', 13, '2026-02-21 12:40:00'),
(659, 145, '2026-02-21 14:44:00', 2, 'In Arbeit: Fehleranalyse begonnen', 'in_arbeit', 120, '2026-02-21 14:44:00'),
(660, 145, '2026-02-22 06:29:00', 3, 'Rückfrage an Produktion / weitere Infos angefordert', NULL, NULL, '2026-02-22 06:29:00'),
(661, 146, '2026-02-22 16:48:00', 9, 'Ticket angenommen', 'angenommen', 11, '2026-02-22 16:48:00'),
(662, 146, '2026-02-22 18:14:00', 2, 'In Arbeit: Fehleranalyse begonnen', 'in_arbeit', 97, '2026-02-22 18:14:00'),
(663, 146, '2026-02-23 02:14:00', 2, 'Ersatzteil bestellt – wartend auf Lieferung', 'bestellt', 26, '2026-02-23 02:14:00'),
(664, 146, '2026-02-25 02:14:00', 9, 'Maßnahme durchgeführt, Funktionstest OK', 'erledigt', 78, '2026-02-25 02:14:00'),
(665, 146, '2026-02-26 21:14:00', 3, 'Ticket geschlossen', 'geschlossen', NULL, '2026-02-26 21:14:00'),
(666, 147, '2026-02-22 16:19:00', 4, 'Ticket angenommen', 'angenommen', 8, '2026-02-22 16:19:00'),
(667, 147, '2026-02-22 16:50:00', 4, 'In Arbeit: Fehleranalyse begonnen', 'in_arbeit', 80, '2026-02-22 16:50:00'),
(668, 147, '2026-02-23 14:50:00', 2, 'Ersatzteil bestellt – wartend auf Lieferung', 'bestellt', 16, '2026-02-23 14:50:00'),
(669, 147, '2026-02-28 14:50:00', 9, 'Maßnahme durchgeführt, Funktionstest OK', 'erledigt', 175, '2026-02-28 14:50:00'),
(670, 148, '2026-02-22 11:12:00', 3, 'Ticket angenommen', 'angenommen', 5, '2026-02-22 11:12:00'),
(671, 148, '2026-02-22 13:49:00', 4, 'In Arbeit: Fehleranalyse begonnen', 'in_arbeit', 52, '2026-02-22 13:49:00'),
(672, 148, '2026-02-22 22:49:00', 3, 'Ersatzteil bestellt – wartend auf Lieferung', 'bestellt', 18, '2026-02-22 22:49:00'),
(673, 148, '2026-02-26 22:49:00', 9, 'Maßnahme durchgeführt, Funktionstest OK', 'erledigt', 109, '2026-02-26 22:49:00'),
(674, 149, '2026-02-23 17:48:00', 9, 'Ticket angenommen', 'angenommen', 7, '2026-02-23 17:48:00'),
(675, 149, '2026-02-23 19:14:00', 4, 'In Arbeit: Fehleranalyse begonnen', 'in_arbeit', 60, '2026-02-23 19:14:00'),
(676, 149, '2026-02-24 03:14:00', 4, 'Ersatzteil bestellt – wartend auf Lieferung', 'bestellt', 28, '2026-02-24 03:14:00'),
(677, 150, '2026-02-23 11:23:00', 3, 'Ticket angenommen', 'angenommen', 21, '2026-02-23 11:23:00'),
(678, 150, '2026-02-23 13:09:00', 3, 'In Arbeit: Fehleranalyse begonnen', 'in_arbeit', 67, '2026-02-23 13:09:00'),
(679, 151, '2026-02-24 12:15:00', 4, 'Ticket angenommen', 'angenommen', 25, '2026-02-24 12:15:00'),
(680, 151, '2026-02-24 13:44:00', 3, 'Rückfrage an Produktion / weitere Infos angefordert', NULL, NULL, '2026-02-24 13:44:00'),
(681, 152, '2026-02-24 09:30:00', 3, 'Rückfrage an Produktion / weitere Infos angefordert', NULL, NULL, '2026-02-24 09:30:00'),
(682, 153, '2026-02-25 07:59:00', 4, 'Rückfrage an Produktion / weitere Infos angefordert', NULL, NULL, '2026-02-25 07:59:00'),
(683, 154, '2026-02-25 06:27:00', 2, 'Ticket angenommen', 'angenommen', 12, '2026-02-25 06:27:00'),
(684, 154, '2026-02-25 07:54:00', 3, 'In Arbeit: Fehleranalyse begonnen', 'in_arbeit', 108, '2026-02-25 07:54:00'),
(685, 154, '2026-02-25 13:39:00', 2, 'Rückfrage an Produktion / weitere Infos angefordert', NULL, NULL, '2026-02-25 13:39:00'),
(686, 155, '2026-02-25 17:01:00', 9, 'Ticket angenommen', 'angenommen', 17, '2026-02-25 17:01:00'),
(687, 155, '2026-02-25 18:47:00', 3, 'Rückfrage an Produktion / weitere Infos angefordert', NULL, NULL, '2026-02-25 18:47:00'),
(688, 156, '2026-02-25 20:40:30', 1, 'Ticket erzeugt aus Wartungsprotokoll #54', 'neu', NULL, '2026-02-25 19:40:30'),
(689, 153, '2026-02-25 21:06:20', 1, 'Status gesetzt: in_arbeit', 'in_arbeit', NULL, '2026-02-25 20:06:20'),
(690, 153, '2026-02-25 21:06:20', 1, 'Status gesetzt: bestellt', 'bestellt', NULL, '2026-02-25 20:06:20'),
(691, 153, '2026-02-25 21:06:21', 1, 'Status gesetzt: in_arbeit', 'in_arbeit', NULL, '2026-02-25 20:06:21'),
(692, 152, '2026-02-25 21:06:30', 1, 'Status gesetzt: erledigt', 'erledigt', NULL, '2026-02-25 20:06:30'),
(693, 157, '2026-02-25 21:20:39', NULL, 'Meldung erfasst', 'neu', NULL, '2026-02-25 20:20:39'),
(694, 158, '2026-02-25 21:28:33', NULL, 'Meldung erfasst', 'neu', NULL, '2026-02-25 20:28:33'),
(695, 158, '2026-02-25 21:38:12', 1, 'Status gesetzt: erledigt', 'erledigt', NULL, '2026-02-25 20:38:12'),
(696, 158, '2026-02-25 21:38:13', 1, 'Status gesetzt: geschlossen', 'geschlossen', NULL, '2026-02-25 20:38:13'),
(697, 158, '2026-02-25 21:38:18', 1, 'Zuweisung geändert: User #9', NULL, NULL, '2026-02-25 20:38:18'),
(698, 159, '2026-02-25 22:09:02', 1, 'Ticket erzeugt aus Wartungsprotokoll #57', 'neu', NULL, '2026-02-25 21:09:02'),
(699, 155, '2026-02-25 22:19:06', 1, 'Status gesetzt: bestellt', 'bestellt', NULL, '2026-02-25 21:19:06'),
(700, 155, '2026-02-25 22:19:07', 1, 'Status gesetzt: angenommen', 'angenommen', NULL, '2026-02-25 21:19:07'),
(701, 155, '2026-02-25 22:19:09', 1, 'Status gesetzt: in_arbeit', 'in_arbeit', NULL, '2026-02-25 21:19:09'),
(702, 155, '2026-02-25 22:19:10', 1, 'Status gesetzt: geschlossen', 'geschlossen', NULL, '2026-02-25 21:19:10'),
(703, 155, '2026-02-25 22:19:46', 1, 'Warten auf Lieferung es war schwierig....', 'bestellt', 50, '2026-02-25 21:19:46'),
(704, 155, '2026-02-25 22:23:01', 1, 'Status gesetzt: in_arbeit', 'in_arbeit', NULL, '2026-02-25 21:23:01'),
(705, 155, '2026-02-25 22:23:02', 1, 'Status gesetzt: angenommen', 'angenommen', NULL, '2026-02-25 21:23:02'),
(706, 109, '2026-02-25 22:23:51', 1, 'Status gesetzt: in_arbeit', 'in_arbeit', NULL, '2026-02-25 21:23:51'),
(707, 109, '2026-02-25 22:23:53', 1, 'Status gesetzt: erledigt', 'erledigt', NULL, '2026-02-25 21:23:53'),
(708, 109, '2026-02-25 22:23:54', 1, 'Status gesetzt: geschlossen', 'geschlossen', NULL, '2026-02-25 21:23:54'),
(709, 109, '2026-02-25 22:23:57', 1, 'Status gesetzt: bestellt', 'bestellt', NULL, '2026-02-25 21:23:57'),
(710, 109, '2026-02-25 22:23:58', 1, 'Status gesetzt: in_arbeit', 'in_arbeit', NULL, '2026-02-25 21:23:58'),
(711, 109, '2026-02-25 22:24:05', 1, 'Status gesetzt: in_arbeit', 'in_arbeit', NULL, '2026-02-25 21:24:05'),
(712, 156, '2026-02-25 22:32:27', 1, 'Status gesetzt: in_arbeit', 'in_arbeit', NULL, '2026-02-25 21:32:27'),
(713, 156, '2026-02-25 22:32:29', 1, 'Status gesetzt: bestellt', 'bestellt', NULL, '2026-02-25 21:32:29'),
(714, 156, '2026-02-25 22:32:30', 1, 'Status gesetzt: geschlossen', 'geschlossen', NULL, '2026-02-25 21:32:30'),
(715, 156, '2026-02-25 22:32:30', 1, 'Status gesetzt: erledigt', 'erledigt', NULL, '2026-02-25 21:32:30'),
(716, 156, '2026-02-25 22:32:32', 1, 'Status gesetzt: angenommen', 'angenommen', NULL, '2026-02-25 21:32:32'),
(717, 159, '2026-02-25 23:34:00', 1, 'Status gesetzt: in_arbeit', 'in_arbeit', NULL, '2026-02-25 22:34:00'),
(718, 159, '2026-02-25 23:34:02', 1, 'Status gesetzt: erledigt', 'erledigt', NULL, '2026-02-25 22:34:02'),
(719, 159, '2026-02-25 23:34:04', 1, 'Status gesetzt: bestellt', 'bestellt', NULL, '2026-02-25 22:34:04'),
(720, 159, '2026-02-25 23:34:06', 1, 'Status gesetzt: in_arbeit', 'in_arbeit', NULL, '2026-02-25 22:34:06'),
(721, 159, '2026-02-25 23:34:07', 1, 'Status gesetzt: angenommen', 'angenommen', NULL, '2026-02-25 22:34:07'),
(722, 159, '2026-02-25 23:34:08', 1, 'Status gesetzt: geschlossen', 'geschlossen', NULL, '2026-02-25 22:34:08'),
(723, 159, '2026-02-25 23:34:10', 1, 'Status gesetzt: erledigt', 'erledigt', NULL, '2026-02-25 22:34:10'),
(724, 160, '2026-02-28 11:00:02', 1, 'Ticket erzeugt aus Wartungsprotokoll #65', 'neu', NULL, '2026-02-28 10:00:02'),
(725, 160, '2026-02-28 15:32:57', 1, 'Status gesetzt: bestellt', 'bestellt', NULL, '2026-02-28 14:32:57'),
(726, 160, '2026-02-28 15:32:58', 1, 'Status gesetzt: in_arbeit', 'in_arbeit', NULL, '2026-02-28 14:32:58'),
(727, 160, '2026-02-28 15:32:59', 1, 'Status gesetzt: angenommen', 'angenommen', NULL, '2026-02-28 14:32:59'),
(728, 160, '2026-02-28 15:33:01', 1, 'Status gesetzt: erledigt', 'erledigt', NULL, '2026-02-28 14:33:01'),
(729, 161, '2026-02-28 16:18:06', 1, 'Ticket erzeugt aus Wartungsprotokoll #72', 'neu', NULL, '2026-02-28 15:18:06'),
(730, 162, '2026-02-28 18:18:26', NULL, 'Meldung erfasst', 'neu', NULL, '2026-02-28 17:18:26'),
(731, 163, '2026-02-28 20:39:49', 1, 'Ticket erzeugt aus Wartungsprotokoll #74', 'neu', NULL, '2026-02-28 19:39:49'),
(732, 163, '2026-02-28 21:24:50', 1, 'Status geändert', 'bestellt', NULL, '2026-02-28 20:24:50');

-- ---------------------------------------------------------------------
-- Seeds: wartungstool_protokoll
-- ---------------------------------------------------------------------
INSERT INTO `wartungstool_protokoll` (`id`, `wartungspunkt_id`, `asset_id`, `datum`, `user_id`, `team_text`, `messwert`, `status`, `bemerkung`, `created_at`) VALUES
(1, 2, 1, '2026-01-02 14:45:00', 2, 'Schicht 2', 61.88, 'ok', NULL, '2026-01-02 14:45:00'),
(2, 12, 4, '2026-01-11 16:00:00', 3, 'IH Team A', NULL, 'ok', NULL, '2026-01-11 16:00:00'),
(3, 13, 5, '2026-01-23 15:45:00', 4, 'Schicht 1', NULL, 'abweichung', 'Leichte Undichtigkeit festgestellt', '2026-01-23 15:45:00'),
(4, 13, 5, '2026-02-08 13:00:00', 2, 'Schicht 1', NULL, 'ok', NULL, '2026-02-08 13:00:00'),
(5, 23, 8, '2026-02-14 10:30:00', 4, 'Schicht 1', NULL, 'ok', NULL, '2026-02-14 10:30:00'),
(6, 28, 10, '2026-02-20 12:30:00', 2, 'IH Team A', NULL, 'ok', NULL, '2026-02-20 12:30:00'),
(7, 29, 10, '2026-02-17 15:00:00', 2, 'IH Team B', 57.67, 'ok', NULL, '2026-02-17 15:00:00'),
(8, 29, 10, '2026-01-25 14:45:00', 4, 'Schicht 2', 58.57, 'ok', NULL, '2026-01-25 14:45:00'),
(9, 29, 10, '2025-12-31 13:30:00', 4, 'IH Team B', 67.05, 'ok', NULL, '2025-12-31 13:30:00'),
(10, 32, 11, '2026-02-16 14:00:00', 4, 'Schicht 2', 25.31, 'abweichung', 'Grenzwert überschritten – Nacharbeit nötig', '2026-02-16 14:00:00'),
(11, 32, 11, '2026-02-19 14:00:00', 2, 'IH Team A', 46.25, 'ok', NULL, '2026-02-19 14:00:00'),
(12, 33, 11, '2026-02-03 13:45:00', 3, 'IH Team B', NULL, 'ok', NULL, '2026-02-03 13:45:00'),
(13, 33, 11, '2026-02-23 10:45:00', 2, 'IH Team A', NULL, 'ok', NULL, '2026-02-23 10:45:00'),
(14, 36, 12, '2026-01-14 14:00:00', 2, 'IH Team A', 22.55, 'ok', NULL, '2026-01-14 14:00:00'),
(15, 38, 13, '2026-01-26 10:30:00', 4, 'Schicht 2', NULL, 'ok', NULL, '2026-01-26 10:30:00'),
(16, 39, 13, '2026-01-04 12:15:00', 2, 'IH Team A', 87.94, 'ok', NULL, '2026-01-04 12:15:00'),
(17, 39, 13, '2026-01-12 12:30:00', 2, 'Schicht 1', 0.36, 'ok', NULL, '2026-01-12 12:30:00'),
(18, 39, 13, '2026-02-17 15:45:00', 3, 'Schicht 1', 48.49, 'ok', NULL, '2026-02-17 15:45:00'),
(19, 44, 15, '2026-01-10 15:45:00', 3, 'Schicht 1', 41.14, 'ok', NULL, '2026-01-10 15:45:00'),
(20, 44, 15, '2026-02-11 13:45:00', 4, 'IH Team B', 79.26, 'ok', NULL, '2026-02-11 13:45:00'),
(21, 44, 15, '2026-01-26 06:15:00', 2, 'IH Team A', 33.27, 'ok', NULL, '2026-01-26 06:15:00'),
(22, 52, 18, '2026-02-14 10:30:00', 2, 'IH Team A', NULL, 'ok', NULL, '2026-02-14 10:30:00'),
(23, 52, 18, '2026-02-18 11:45:00', 4, 'Schicht 2', NULL, 'ok', NULL, '2026-02-18 11:45:00'),
(24, 54, 18, '2026-01-10 16:30:00', 3, 'IH Team A', 43.45, 'ok', NULL, '2026-01-10 16:30:00'),
(25, 57, 19, '2026-02-08 10:00:00', 3, 'IH Team A', NULL, 'ok', NULL, '2026-02-08 10:00:00'),
(26, 58, 20, '2026-01-22 08:15:00', 2, 'IH Team B', NULL, 'ok', NULL, '2026-01-22 08:15:00'),
(27, 58, 20, '2026-01-05 08:00:00', 2, 'IH Team B', NULL, 'ok', NULL, '2026-01-05 08:00:00'),
(28, 61, 21, '2026-01-11 13:30:00', 2, 'IH Team B', 80.48, 'abweichung', 'Leichte Undichtigkeit festgestellt', '2026-01-11 13:30:00'),
(29, 61, 21, '2025-12-30 13:30:00', 2, 'Schicht 1', 96.21, 'ok', NULL, '2025-12-30 13:30:00'),
(30, 61, 21, '2026-01-24 10:15:00', 4, 'Schicht 2', 10.75, 'ok', NULL, '2026-01-24 10:15:00'),
(31, 65, 25, '2026-01-20 10:00:00', 2, 'IH Team A', NULL, 'ok', NULL, '2026-01-20 10:00:00'),
(32, 65, 25, '2026-02-22 15:45:00', 4, 'IH Team B', NULL, 'ok', NULL, '2026-02-22 15:45:00'),
(33, 65, 25, '2026-02-02 11:15:00', 2, 'Schicht 1', NULL, 'ok', NULL, '2026-02-02 11:15:00'),
(34, 77, 37, '2026-01-15 12:15:00', 3, 'Schicht 1', NULL, 'ok', NULL, '2026-01-15 12:15:00'),
(35, 77, 37, '2026-01-28 14:30:00', 3, 'Schicht 2', NULL, 'ok', NULL, '2026-01-28 14:30:00'),
(36, 79, 39, '2026-02-15 07:45:00', 3, 'IH Team B', NULL, 'ok', NULL, '2026-02-15 07:45:00'),
(37, 79, 39, '2026-02-19 16:45:00', 2, 'Schicht 2', NULL, 'ok', NULL, '2026-02-19 16:45:00'),
(38, 80, 39, '2026-01-02 13:30:00', 2, 'Schicht 1', NULL, 'ok', NULL, '2026-01-02 13:30:00'),
(39, 80, 39, '2026-02-01 12:30:00', 3, 'Schicht 2', NULL, 'ok', NULL, '2026-02-01 12:30:00'),
(40, 80, 39, '2025-12-27 15:30:00', 2, 'IH Team A', NULL, 'ok', NULL, '2025-12-27 15:30:00'),
(41, 85, 42, '2026-02-24 06:30:00', 4, 'IH Team B', NULL, 'abweichung', 'Grenzwert überschritten – Nacharbeit nötig', '2026-02-24 06:30:00'),
(42, 98, 48, '2026-01-18 09:45:00', 4, 'Schicht 1', NULL, 'ok', NULL, '2026-01-18 09:45:00'),
(43, 98, 48, '2026-01-01 16:30:00', 2, 'Schicht 1', NULL, 'ok', NULL, '2026-01-01 16:30:00'),
(44, 98, 48, '2025-12-29 12:30:00', 3, 'Schicht 2', NULL, 'ok', NULL, '2025-12-29 12:30:00'),
(45, 99, 49, '2026-02-05 16:00:00', 3, 'IH Team B', NULL, 'ok', NULL, '2026-02-05 16:00:00'),
(46, 102, 50, '2026-01-08 15:15:00', 3, 'IH Team B', NULL, 'ok', NULL, '2026-01-08 15:15:00'),
(47, 102, 50, '2026-02-14 15:00:00', 4, 'IH Team B', NULL, 'ok', NULL, '2026-02-14 15:00:00'),
(48, 102, 50, '2026-01-03 14:30:00', 3, 'IH Team B', NULL, 'abweichung', 'Grenzwert überschritten – Nacharbeit nötig', '2026-01-03 14:30:00'),
(49, 103, 51, '2026-02-01 11:00:00', 3, 'IH Team B', NULL, 'ok', NULL, '2026-02-01 11:00:00'),
(50, 110, 58, '2026-01-09 15:00:00', 2, 'Schicht 1', NULL, 'ok', NULL, '2026-01-09 15:00:00'),
(51, 110, 58, '2026-01-24 16:00:00', 3, 'Schicht 2', NULL, 'ok', NULL, '2026-01-24 16:00:00'),
(52, 110, 58, '2026-01-22 16:00:00', 4, 'Schicht 2', NULL, 'ok', NULL, '2026-01-22 16:00:00'),
(53, 111, 59, '2026-01-15 15:15:00', 3, 'Schicht 1', NULL, 'ok', NULL, '2026-01-15 15:15:00'),
(54, 35, 12, '2026-02-25 20:40:30', 1, NULL, 100, 'abweichung', '[#TICKET:156]', '2026-02-25 19:40:30'),
(55, 28, 10, '2026-02-25 22:08:09', 1, NULL, NULL, 'ok', NULL, '2026-02-25 21:08:09'),
(56, 53, 18, '2026-02-25 22:08:42', 1, NULL, 0.9, 'ok', NULL, '2026-02-25 21:08:42'),
(57, 54, 18, '2026-02-25 22:09:02', 1, NULL, 4, 'ok', '[#TICKET:159]', '2026-02-25 21:09:02'),
(58, 36, 12, '2026-02-27 14:23:35', 1, NULL, 55, 'ok', NULL, '2026-02-27 13:23:35'),
(59, 38, 13, '2026-02-27 14:39:00', 1, NULL, NULL, 'ok', NULL, '2026-02-27 13:39:00'),
(60, 52, 18, '2026-02-27 15:40:49', 1, NULL, NULL, 'ok', NULL, '2026-02-27 14:40:49'),
(61, 57, 19, '2026-02-27 15:41:29', 1, NULL, NULL, 'ok', NULL, '2026-02-27 14:41:29'),
(62, 42, 14, '2026-02-27 15:56:29', 1, NULL, 76, 'ok', NULL, '2026-02-27 14:56:29'),
(63, 46, 16, '2026-02-27 16:31:54', 1, NULL, NULL, 'ok', NULL, '2026-02-27 15:31:54'),
(64, 80, 39, '2026-02-27 16:31:58', 1, NULL, NULL, 'ok', NULL, '2026-02-27 15:31:58'),
(65, 34, 12, '2026-02-28 11:00:02', 1, 'Holger und da ander', 25, 'abweichung', '[#TICKET:160]', '2026-02-28 10:00:02'),
(66, 43, 15, '2026-02-28 11:10:47', 1, 'Holger und da ander', NULL, 'ok', 'sdsadf', '2026-02-28 10:10:47'),
(67, 35, 12, '2026-02-28 11:36:50', 1, 'Holger und da ander', -10, 'ok', NULL, '2026-02-28 10:36:50'),
(68, 45, 15, '2026-02-28 16:15:45', 1, 'Holger und da ander', NULL, 'ok', NULL, '2026-02-28 15:15:45'),
(69, 39, 13, '2026-02-28 16:16:02', 1, 'Holger und da ander', 65, 'ok', NULL, '2026-02-28 15:16:02'),
(70, 84, 41, '2026-02-28 16:16:20', 1, 'Holger und da ander', NULL, 'ok', NULL, '2026-02-28 15:16:20'),
(71, 84, 41, '2026-02-28 16:16:24', 1, 'Holger und da ander', NULL, 'ok', NULL, '2026-02-28 15:16:24'),
(72, 26, 9, '2026-02-28 16:18:06', 1, 'Holger und da ander', NULL, 'abweichung', 'baz9 notaus [#TICKET:161]', '2026-02-28 15:18:06'),
(73, 25, 9, '2026-02-28 16:44:36', 1, 'Holger und da ander', NULL, 'ok', NULL, '2026-02-28 15:44:36'),
(74, 36, 12, '2026-02-28 20:39:49', 1, NULL, 78, 'abweichung', '[#TICKET:163]', '2026-02-28 19:39:49');

-- ---------------------------------------------------------------------
-- Seeds: core_menu_item
-- ---------------------------------------------------------------------
INSERT INTO `core_menu_item` (`id`, `menu_id`, `parent_id`, `label`, `route_key`, `url`, `modul`, `objekt_typ`, `objekt_id`, `sort`, `aktiv`, `icon`) VALUES
(1, 1, NULL, 'Wartung', NULL, NULL, 'wartungstool', 'global', NULL, 10, 1, 'wrench'),
(2, 1, NULL, 'Störungen', NULL, NULL, 'stoerungstool', 'global', NULL, 20, 1, 'alert'),
(3, 1, NULL, 'Admin', NULL, NULL, 'admin', 'users', NULL, 90, 1, 'settings'),
(4, 1, 1, 'Dashboard', 'wartung.dashboard', NULL, NULL, NULL, NULL, 10, 1, NULL),
(5, 1, 1, 'Übersicht', 'wartung.uebersicht', NULL, NULL, NULL, NULL, 20, 1, NULL),
(6, 1, 1, 'Wartungspunkte (Admin)', 'wartung.admin_punkte', NULL, NULL, NULL, NULL, 90, 1, NULL),
(7, 1, 2, 'Inbox', 'stoerung.inbox', NULL, NULL, NULL, NULL, 10, 1, NULL),
(8, 1, 2, 'Störung melden', 'stoerung.melden', NULL, NULL, NULL, NULL, 20, 1, NULL),
(9, 1, 3, 'Benutzer', 'admin.users', NULL, NULL, NULL, NULL, 10, 1, NULL),
(10, 1, 3, 'Routes', 'admin.routes', NULL, NULL, NULL, NULL, 20, 1, NULL),
(11, 1, 3, 'Menü', 'admin.menu', NULL, NULL, NULL, NULL, 30, 1, NULL),
(12, 1, 3, 'Berechtigungen', 'admin.permissions', NULL, NULL, NULL, NULL, 40, 1, NULL);

COMMIT;
SET FOREIGN_KEY_CHECKS = 1;
-- END